origin,destination,area,ttpTravelTime
"29.91287710000001 , -85.37475149999946","30.059230000000117 , -85.58513489999991",urban-urban,1759
"26.233167100000014 , -81.66877780000044","26.345014199999987 , -81.53269630000004",urban-urban,1627
"26.24613370000007 , -81.68045330000001","26.222311700000123 , -81.47321510000026",urban-urban,1789
"26.381027099999972 , -81.5308981","26.243185900000025 , -81.61544790000053",urban-urban,1732
"26.632911900000007 , -80.19324069999996","26.732540000000096 , -80.31791899999973",urban-urban,1812
"30.681295999999925 , -86.58226400000018","30.570273899999986 , -86.35314020000035",urban-urban,1804
"30.45578300000009 , -86.53529399999995","30.681830999999903 , -86.60931000000016",urban-urban,1610
"30.54044269999973 , -87.26226029999982","30.744430999999867 , -87.32806770000032",urban-urban,1682
"26.310350799999878 , -81.53415490000054","26.21082729999999 , -81.70852939999958",urban-urban,2007
"30.399527999999947 , -86.89989299999985","30.397307800000103 , -86.6331236999998",urban-urban,1794
"27.624871999999904 , -81.39933899999997","27.627932299999973 , -81.20812360000029",urban-urban,1894
"30.436916299999993 , -86.68460950000004","30.3967037000004 , -86.93530049999947",urban-urban,1671
"27.719797999999958 , -81.43115400000029","27.64174339999997 , -81.27086600000005",urban-urban,1841
"30.73890500000007 , -87.35789200000032","30.539982799999972 , -87.22201700000015",urban-urban,2015
"30.322160000000075 , -84.23618199999984","30.13765670000015 , -84.3830703000003",urban-urban,1855
"30.633193999999968 , -87.32988999999958","30.44692299999997 , -87.24986600000001",urban-urban,1789
"29.660291899999986 , -82.33917160000026","29.633338600000076 , -82.5424468000001",urban-urban,1753
"26.239190999999934 , -81.7987544999999","26.23025990000009 , -81.56316439999974",urban-urban,1907
"30.65677890000012 , -87.33141050000015","30.444597400000013 , -87.33258860000068",urban-urban,1942
"26.14526699999995 , -81.55519700000053","26.234760199999837 , -81.70719860000024",urban-urban,1995
"25.96336600000007 , -80.14499459999959","26.081833600000078 , -80.11025069999977",urban-urban,1531
"26.799518999999954 , -80.24864000000032","26.660411700000015 , -80.28342760000031",urban-urban,1605
"30.30959199999999 , -84.25613800000012","30.149547200000008 , -84.38579819999995",urban-urban,1758
"26.101529999999993 , -81.56698900000005","26.345293000000087 , -81.54608400000006",urban-urban,1843
"26.14217899999992 , -81.50651800000057","26.234270600000023 , -81.69487430000034",urban-urban,1834
"30.70727000000005 , -86.2560320000001","30.544185600000283 , -86.46209279999952",urban-urban,1755
"30.464984800000007 , -86.36849030000005","30.637600700000185 , -86.57427529999984",urban-urban,1579
"26.3101545000002 , -81.5139230999999","26.20941149999996 , -81.65671520000005",urban-urban,1681
"30.716430000000113 , -87.3289880000001","30.481394999999935 , -87.29054199999983",urban-urban,1857
"30.679766999999924 , -87.31591800000028","30.45738540000012 , -87.28976430000007",urban-urban,1776
"30.760547000000084 , -86.67580899999959","30.546566200000065 , -86.48967300000037",urban-urban,1859
"26.278046599999865 , -81.64027990000007","26.228471800000037 , -81.45090240000032",urban-urban,1856
"30.421099000000073 , -86.88320400000012","30.430979000000047 , -86.62614100000042",urban-urban,1712
"27.6274208 , -81.19779739999989","27.674262000000073 , -81.41079999999978",urban-urban,1848
"30.716939099999987 , -87.35713219999997","30.51633299999996 , -87.30217299999994",urban-urban,1661
"30.41087940000004 , -87.37189830000003","30.598502999999926 , -87.24872300000034",urban-urban,1937
"27.71008599999998 , -81.38006700000007","27.586879999999947 , -81.18404799999986",urban-urban,1913
"30.723849999999953 , -86.55572500000005","30.46612829999997 , -86.48729719999989",urban-urban,1974
"30.387523999999978 , -87.37118499999974","30.58695769999972 , -87.26281020000026",urban-urban,1974
"30.458589000000003 , -87.27629799999988","30.680167499999943 , -87.3304017000001",urban-urban,1864
"30.726729700000146 , -87.23629330000007","30.587156000000082 , -87.04584100000005",urban-urban,1953
"26.19994069999998 , -81.63197669999973","26.233477100000037 , -81.45926650000033",urban-urban,1780
"30.55098400000009 , -87.41816199999997","30.376171199999916 , -87.29055599999982",urban-urban,1891
"30.678639999999966 , -86.63821900000013","30.461866099999945 , -86.38169829999985",urban-urban,2048
"30.38391449999995 , -86.44948439999986","30.67717390000003 , -86.56851419999981",urban-urban,1991
"26.2466739000002 , -81.6944987999997","26.168953999999943 , -81.52777890000056",urban-urban,1667
"30.72440139999998 , -86.5682061000002","30.503371000000122 , -86.59518599999987",urban-urban,1596
"30.2650738999999 , -85.57409269999992","30.04646339999998 , -85.55972470000006",urban-urban,2013
"30.603427000000035 , -87.25039800000037","30.409966000000033 , -87.34428199999999",urban-urban,1855
"30.427150999999984 , -82.56176399999984","30.45672699999995 , -82.36799599999989",urban-urban,1807
"30.641769999999983 , -86.40257300000019","30.404427 , -86.44881000000001",urban-urban,1791
"30.492766000000003 , -86.39519674999997","30.675052999999977 , -86.64981100000053",urban-urban,1879
"30.505658000000004 , -86.36298400000035","30.703446000000053 , -86.55448999999993",urban-urban,1911
"30.58627300000012 , -87.0051890000001","30.57681799999987 , -86.74133500000038",urban-urban,2023
"26.713747999999836 , -80.18856179999963","26.711873999999998 , -80.36046800000015",urban-urban,1872
"29.73939449999995 , -82.42576440000006","29.64451600000001 , -82.26198700000006",urban-urban,2003
"30.47828919999996 , -86.50329329999991","30.415063000000035 , -86.7502789999993",urban-urban,1731
"30.557260799999998 , -86.51610699999998","30.414674999999935 , -86.74788899999973",urban-urban,1947
"26.657944000000068 , -80.23157499999988","26.824778700000014 , -80.29300650000013",urban-urban,1731
"26.08701699999991 , -81.56677900000052","26.23161530000002 , -81.62894959999988",urban-urban,1771
"30.389194600000057 , -81.39684910000022","30.229187600000085 , -81.44089940000066",urban-urban,2017
"26.294128500000014 , -81.67887270000006","26.227240299999945 , -81.51255270000028",urban-urban,1576
"30.597133299999882 , -86.53375210000023","30.60789800000001 , -86.25611600000029",urban-urban,2031
"26.20220599999994 , -81.76220099999999","26.241658999999817 , -81.56340079999973",urban-urban,2044
"30.406157999999955 , -86.43607800000007","30.637903400000006 , -86.610364",urban-urban,1963
"30.423954299999938 , -86.71240150000037","30.417432800000164 , -86.98265810000021",urban-urban,1746
"30.86693700000012 , -86.51215900000025","30.636918499999986 , -86.52989629999993",urban-urban,2036
"27.63221329999995 , -81.38461510000008","27.599007999999966 , -81.19656000000023",urban-urban,2033
"30.700999599999765 , -86.56806130000047","30.46624819999983 , -86.50233500000024",urban-urban,1759
"30.3510644 , -87.38522870000016","30.450382999999956 , -87.17183299999934",urban-urban,1749
"30.546447000000157 , -86.88196599999976","30.545262000000093 , -86.60850799999993",urban-urban,2038
"30.712962999999945 , -86.58225700000075","30.45467299999995 , -86.6012969999998",urban-urban,1802
"30.70083780000005 , -86.2733832000001","30.547329500000266 , -86.48652629999953",urban-urban,1748
"26.079741699999985 , -81.7492244999999","26.22284909999984 , -81.69517329999991",urban-urban,1899
"30.442427999999893 , -86.57149800000015","30.73090999999998 , -86.61150499999998",urban-urban,1861
"30.765293999999823 , -86.11936499999898","30.677634399999967 , -86.36664150000031",urban-urban,2040
"30.490546999999978 , -86.44604399999994","30.68204699999998 , -86.62295000000053",urban-urban,1901
"27.73195800000005 , -81.49973700000007","27.652982000000055 , -81.33821600000037",urban-urban,1748
"30.442647999999927 , -86.55822500000032","30.723454000000025 , -86.54209399999995",urban-urban,2060
"26.22967439999992 , -81.5772192999998","26.14189879999995 , -81.72532939999981",urban-urban,1715
"30.522559999999967 , -86.43898899999922","30.80629599999987 , -86.55381460000035",urban-urban,2051
"27.026884999999798 , -82.15243400000011","26.88629719999988 , -82.05849379999968",urban-urban,1927
"28.001177999999772 , -82.48854000000036","27.82490380000011 , -82.48392029999995",urban-urban,1702
"30.62223399999999 , -87.35890800000047","30.410450000000008 , -87.29021900000001",urban-urban,2063
"30.74137499999999 , -87.33198199999998","30.49315800000003 , -87.30345600000042",urban-urban,1954
"26.180002999999918 , -81.51429699999977","26.258113900000062 , -81.69305110000018",urban-urban,1742
"30.407477999999987 , -86.65295000000013","30.637600700000185 , -86.57427529999984",urban-urban,1944
"26.816412000000117 , -80.31087299999973","26.703569099999967 , -80.21538799999963",urban-urban,1547
"30.458231999999995 , -87.20790900000001","30.387607000000006 , -87.41586400000001",urban-urban,1699
"27.340555999999992 , -81.6219290000001","27.31453179999993 , -81.80832850000023",urban-urban,1844
"25.852557000000033 , -80.26855599999992","25.8920812 , -80.12373359999998",urban-urban,1946
"30.7577278000001 , -86.5385810999996","30.46561159999994 , -86.57247769999967",urban-urban,2038
"26.297148800000087 , -81.52191040000012","26.173360699999982 , -81.63781319999993",urban-urban,1774
"30.09075899999999 , -85.58858400000025","29.906036500000106 , -85.36938969999976",urban-urban,2051
"26.275375899999847 , -81.56200250000013","26.112447399999986 , -81.56714889999985",urban-urban,1551
"30.62444900000016 , -86.7972569999997","30.71193719999995 , -86.55447329999987",urban-urban,1972
"30.399713999999946 , -87.42524900000022","30.469239300000066 , -87.19550910000052",urban-urban,1766
"30.43235720000003 , -86.89484139999999","30.382867699999824 , -87.13028520000003",urban-urban,1555
"30.463286000000025 , -86.5982239999999","30.68704800000003 , -86.6346899999999",urban-urban,2038
"26.156554999999965 , -81.77631609999982","26.254850300000097 , -81.6149097999998",urban-urban,2009
"29.967382000000015 , -85.47032900000042","30.13718320000024 , -85.62879829999986",urban-urban,2027
"30.46185599999996 , -87.1640320000002","30.33179300000074 , -87.33181669999942",urban-urban,1807
"30.573838699999882 , -86.53035410000022","30.632868999999964 , -86.77235300000068",urban-urban,2031
"30.386622000000003 , -87.42803800000003","30.435825699999988 , -87.17372619999999",urban-urban,2014
"27.582975999999956 , -81.16196799999996","27.704168999999975 , -81.35444100000015",urban-urban,1970
"30.058573949999968 , -85.55744429999999","29.912158500000096 , -85.3685039",urban-urban,1756
"30.460531899999953 , -82.49986909999986","30.30634600000001 , -82.59279499999994",urban-urban,1882
"26.210058099999923 , -81.6692443999999","26.356063700000096 , -81.55829720000038",urban-urban,1788
"30.285439200000095 , -87.49418009999991","30.359254000000025 , -87.26422800000017",urban-urban,1720
"26.24667590000011 , -81.70637730000007","26.170449699999995 , -81.49988610000001",urban-urban,1992
"30.631975999999963 , -86.77403100000072","30.759491300000025 , -86.56776590000001",urban-urban,2066
"30.437041800000006 , -86.95750020000011","30.429572999999994 , -86.68001699999971",urban-urban,1799
"30.476390299999967 , -86.40838420000011","30.71339559999999 , -86.53989309999956",urban-urban,1834
"30.69265030000013 , -87.32973799999965","30.445119199999993 , -87.26101539999986",urban-urban,1946
"26.29687560000003 , -81.53455160000021","26.17716959999994 , -81.7234119999998",urban-urban,2048
"30.74857999999997 , -86.56767200000006","30.474258700000025 , -86.52949100000052",urban-urban,2032
"30.487171100000047 , -86.60926070000014","30.71247299999999 , -86.56838020000005",urban-urban,1758
"30.737260399999997 , -87.03365519999993","30.534578600000064 , -87.12364409999972",urban-urban,1915
"26.310569400000016 , -81.51988900000067","26.123089900000025 , -81.58661180000014",urban-urban,1762
"26.23174340000021 , -81.61641380000017","26.144903000000117 , -81.77721730000053",urban-urban,1783
"30.4633022 , -86.37684200000005","30.653979999999976 , -86.52678070000029",urban-urban,1602
"26.660117400000214 , -80.27075399999978","26.7854694000001 , -80.22054000000061",urban-urban,1872
"26.819928799999918 , -80.22289000000019","26.671288000000132 , -80.25682699999967",urban-urban,1530
"30.78016530000023 , -86.37748630000011","30.567279699999993 , -86.42054610000021",urban-urban,1929
"26.60837350000001 , -80.28772040000003","26.78817229999984 , -80.2493783999999",urban-urban,1780
"30.54113800000013 , -86.8515970000002","30.53752599999993 , -86.59828300000012",urban-urban,1905
"26.16877199999992 , -81.51414099999977","26.176051599999965 , -81.68433049999989",urban-urban,2003
"30.50167759999995 , -86.37275469999996","30.6969300000001 , -86.53292599999955",urban-urban,1989
"30.5137146 , -86.55224169999997","30.78824400000012 , -86.64706200000023",urban-urban,1885
"26.261144199999972 , -81.77133950000008","26.228126700000296 , -81.53785789999903",urban-urban,1957
"26.8210023999998 , -80.24859050000029","26.672550000000008 , -80.28339300000003",urban-urban,1730
"30.71015599999986 , -86.38082600000044","30.45273359999992 , -86.42080909999977",urban-urban,1981
"30.44132279999981 , -86.95282900000028","30.419672199999983 , -86.69486320000009",urban-urban,1761
"30.241176999999976 , -81.40103299999984","30.392827999999994 , -81.40430489999976",urban-urban,1839
"30.48048930000061 , -86.58174669999974","30.748805999999938 , -86.62097999999926",urban-urban,1926
"27.66933410000007 , -81.3670019000006","27.626881 , -81.19182369999987",urban-urban,1591
"30.578993999999952 , -83.60899099999983","30.484525999999953 , -83.42035039999993",urban-urban,1946
"30.671012000000008 , -87.38426799999935","30.469133000000003 , -87.33222799999936",urban-urban,1871
"30.433433400000037 , -86.57456030000003","30.69463920000001 , -86.50287089999998",urban-urban,2044
"30.77094099999999 , -86.63776300000002","30.557018000000006 , -86.51618589999994",urban-urban,1632
"30.428341999999923 , -87.17546899999981","30.384849000000006 , -87.41593900000001",urban-urban,1848
"26.25395500000007 , -81.58937670000009","26.129170700000085 , -81.70245629999944",urban-urban,1978
"29.65180199999998 , -82.23985460000037","29.666118000000072 , -82.45996000000032",urban-urban,2043
"30.40876599999998 , -86.69491869999979","30.40897419999996 , -87.00022630000022",urban-urban,1640
"30.283333099999943 , -87.50757680000004","30.36305999999995 , -87.26649199999983",urban-urban,1805
"30.33262699999992 , -87.34539700000003","30.493022399999816 , -87.20787369999978",urban-urban,2025
"26.20476740000011 , -81.52569600000018","26.294778700000194 , -81.67660880000008",urban-urban,1832
"30.51152599999999 , -86.5157020000002","30.72016399999991 , -86.36377000000032",urban-urban,1836
"30.51016740000027 , -86.41555139999952","30.736408000000033 , -86.55504000000005",urban-urban,1747
"26.652686099999954 , -80.12652159999995","26.62637389999997 , -80.2988901",urban-urban,1825
"30.560426999999944 , -86.4444019999993","30.764566499999855 , -86.32566320000046",urban-urban,1795
"26.224070499999872 , -80.93466250000016","26.29555870000003 , -81.08989230000012",urban-urban,1814
"30.696071899999996 , -86.29576530000006","30.500263300000086 , -86.43501140000036",urban-urban,2041
"30.39064349999999 , -87.38222039999997","30.586131000000005 , -87.27654340000001",urban-urban,1958
"30.281304800000356 , -82.6107477000004","30.457552000000028 , -82.51198599999962",urban-urban,1988
"27.34059499999998 , -81.63350700000001","27.384170000000044 , -81.46119199999967",urban-urban,1723
"30.399570099999906 , -87.27677460000001","30.621832999999995 , -87.34392900000049",urban-urban,2061
"26.223168599999976 , -81.72013049999994","26.134506000000084 , -81.54320900000015",urban-urban,2069
"30.489208300000058 , -86.40698399999951","30.693503699999987 , -86.32237880000002",urban-urban,1797
"30.40826800000005 , -86.90968999999917","30.442323000000073 , -86.61182000000005",urban-urban,2018
"30.610798999999915 , -87.36960700000004","30.398613999999995 , -87.30385999999999",urban-urban,1901
"27.610365300000023 , -81.15272500000002","27.625235599999968 , -81.33953140000006",urban-urban,1572
"30.51746810000007 , -87.31775669999972","30.716350800000072 , -87.30286689999993",urban-urban,1762
"25.828930800000062 , -80.25789230000018","25.91435080000001 , -80.12212189999968",urban-urban,2030
"26.635191999999883 , -80.25898599999957","26.79968000000001 , -80.26188539999991",urban-urban,1783
"30.465694600000013 , -86.35761700000003","30.579547000000037 , -86.1355570000001",urban-urban,1764
"30.42015400000004 , -86.97783480000037","30.425411 , -86.7051130000001",urban-urban,1773
"30.513796999999972 , -86.34337600000033","30.7041215 , -86.58139039999999",urban-urban,1996
"30.523872699999963 , -86.47530279999992","30.70588110000001 , -86.23659119999996",urban-urban,2058
"30.398820000000022 , -87.41160199999977","30.455312100000103 , -87.16891170000015",urban-urban,1872
"26.16524500000005 , -81.71153799999988","26.249263000000003 , -81.51304700000007",urban-urban,2030
"30.734163000000134 , -87.24644379999975","30.574210799999992 , -87.11195879999985",urban-urban,1965
"30.381583900000063 , -86.42035399999985","30.636909500000193 , -86.57647379999983",urban-urban,1907
"30.689239000000086 , -86.62665499999973","30.454321000000085 , -86.61180699999998",urban-urban,1888
"26.258366100000035 , -81.70589549999993","26.204650199999975 , -81.53937789999986",urban-urban,1587
"30.583549800000252 , -86.53176139999967","30.60835400000001 , -86.25221700000027",urban-urban,2029
"26.123278099999887 , -81.57024930000011","26.278286199999975 , -81.61404670000036",urban-urban,1688
"30.3917130000001 , -86.78900800000011","30.39104170000004 , -86.52190580000006",urban-urban,1853
"26.134967100000026 , -81.57048760000015","26.268946999999805 , -81.66719880000018",urban-urban,1911
"30.446050599999847 , -87.23580600000001","30.64567199999996 , -87.33080699999967",urban-urban,1738
"30.40821199999989 , -86.78817509999989","30.53170400000005 , -86.54465200000044",urban-urban,1860
"26.204267000000034 , -81.51396449999986","26.280353600000147 , -81.66541310000024",urban-urban,1591
"30.581756999999964 , -86.691799","30.507913999999907 , -86.91965500000022",urban-urban,2038
"26.218400299999995 , -81.5908452000001","26.225932899999947 , -81.77333309999985",urban-urban,1789
"30.409853000000037 , -86.92381499999978","30.407193999999986 , -86.58802499999979",urban-urban,1909
"26.78703739999993 , -80.23608750000034","26.624390800000043 , -80.25936429999969",urban-urban,1696
"28.58419759999997 , -80.58435529999964","28.42937370000004 , -80.57480609999998",urban-urban,1558
"30.50612100000012 , -86.58808999999987","30.40958100000001 , -86.85547979999988",urban-urban,2060
"26.365533000000035 , -81.52891170000035","26.142326999999984 , -81.49252600000011",urban-urban,1939
"30.61814599999996 , -86.73552700000002","30.74755000000002 , -86.53896700000007",urban-urban,1976
"26.797967099999717 , -80.2355226000001","26.613144599999945 , -80.29504600000035",urban-urban,1931
"26.321815000000072 , -81.58452299999992","26.147920999999904 , -81.56766799999981",urban-urban,1781
"30.76797850000002 , -85.28782920000046","30.898405200000123 , -85.09858940000021",urban-urban,2001
"26.176757099999918 , -81.57428879999969","26.380859999999934 , -81.59021300000006",urban-urban,1794
"30.395196000000016 , -81.39438700000035","30.23962430000007 , -81.3874301000003",urban-urban,1702
"26.311841299999763 , -81.61182959999952","26.23500060000004 , -81.46193030000032",urban-urban,1627
"26.264596499999925 , -80.08658400000006","26.136166300000006 , -80.10308319999966",urban-urban,1782
"26.356345599999948 , -81.53146290000001","26.135238599999973 , -81.52274679999995",urban-urban,1615
"30.55449250000003 , -81.69588340000017","30.579040800000122 , -81.8832411",urban-urban,1717
"30.6915221 , -86.57202089999994","30.460109600000045 , -86.38455660000007",urban-urban,1839
"30.1634340000001 , -82.3215140000001","30.103381699999794 , -82.14093749999967",urban-urban,1989
"26.814952199999958 , -80.30016040000011","26.613461900000004 , -80.27329300000007",urban-urban,1843
"30.847566999999966 , -86.51306700000008","30.674026000000065 , -86.65284259999994",urban-urban,2017
"30.49706910000033 , -86.15001189999971","30.47637500000007 , -86.42156899999961",urban-urban,1932
"30.478157000000007 , -86.31247500000009","30.6377533999999 , -86.58513860000023",urban-urban,2002
"26.21220860000002 , -81.72184870000007","26.245535000000004 , -81.51242300000007",urban-urban,1825
"30.568859300000007 , -86.52793890000005","30.780886000000088 , -86.45987699999975",urban-urban,2005
"26.299218599999996 , -81.58786030000007","26.145416700000087 , -81.54337760000016",urban-urban,1566
"30.55988310000001 , -86.52964149999974","30.415460999999937 , -86.7627130000005",urban-urban,1942
"30.572534399999995 , -86.39803940000019","30.754264599999967 , -86.61432439999984",urban-urban,2023
"30.85223800000002 , -86.52771100000002","30.588485999999868 , -86.53220300000037",urban-urban,1956
"26.221244900000006 , -81.65581060000001","26.31831519999991 , -81.51224279999997",urban-urban,1663
"27.60992699999996 , -81.28725500000007","27.71987999999996 , -81.4218790000003",urban-urban,1691
"30.263272099999895 , -84.24343410000003","30.089624099999988 , -84.37134369999997",urban-urban,1811
"30.4635697 , -86.37617590000005","30.502559299999955 , -86.12493579999983",urban-urban,1694
"30.510586999999973 , -86.21859800000009","30.547525600000068 , -86.47610250000037",urban-urban,1983
"30.619691000000156 , -86.8021759999997","30.680576399999982 , -86.55504589999998",urban-urban,1851
"26.25267479999997 , -81.57689390000031","26.07612999999991 , -81.56662199999984",urban-urban,1783
"26.222134800000067 , -81.45813700000019","26.22122699999993 , -81.64178850000015",urban-urban,1623
"30.41961029999997 , -86.65296800000051","30.490057400000108 , -86.9092515999997",urban-urban,1899
"25.76019500000003 , -81.0333347999997","25.76076960000008 , -80.80810469999983",urban-urban,1552
"30.708547699999993 , -86.25209550000011","30.52480700000027 , -86.41776299999951",urban-urban,1979
"30.794547499999975 , -86.5150566999996","30.554218600000006 , -86.50461479999994",urban-urban,1872
"25.746380900000077 , -80.93953699999965","25.86456000000012 , -81.10061030000023",urban-urban,1824
"26.638204800000004 , -80.29776350000009","26.825320199999986 , -80.2293161000002",urban-urban,2004
"26.168054600000012 , -81.50149420000001","26.255777699999935 , -81.64069440000007",urban-urban,1798
"30.430470100000296 , -86.55909969999962","30.427443000000128 , -86.81843399999985",urban-urban,1909
"30.504981000000008 , -87.30225899999992","30.72804950000006 , -87.34327119999979",urban-urban,1686
"30.469288999999947 , -87.31829099999968","30.703661999999962 , -87.33015999999995",urban-urban,1860
"30.741124000000006 , -87.34399300000034","30.481626399999936 , -87.30294359999989",urban-urban,2049
"26.13162499999998 , -81.73882489999983","26.23015309999931 , -81.59043360000058",urban-urban,1915
"30.571994999999994 , -86.40556960000019","30.755398599999996 , -86.61859310000023",urban-urban,2030
"29.64476830000001 , -82.51505969999991","29.658669000000142 , -82.29911639999938",urban-urban,1998
"29.648338400000032 , -82.32657220000007","29.656826999999957 , -82.5287171000001",urban-urban,1856
"30.44483400000002 , -86.93730400000024","30.418853000000087 , -86.6125899999996",urban-urban,1962
"26.26374110000005 , -81.56242360000016","26.176598000000006 , -81.71005200000008",urban-urban,1890
"30.464000000000016 , -86.393031","30.56424200000007 , -86.15201900000018",urban-urban,1917
"26.774952400000043 , -80.23640239999989","26.634179199999874 , -80.22074660000034",urban-urban,1606
"30.496721199999918 , -86.4085611000005","30.78151699999999 , -86.55422199999995",urban-urban,2069
"30.62240400000016 , -86.8016329999997","30.637338000000188 , -86.5542549000002",urban-urban,1947
"30.4016420000001 , -86.83149299999988","30.46630969999999 , -86.55738849999986",urban-urban,1832
"30.47683920000003 , -86.62469800000018","30.61673729999995 , -86.42272550000014",urban-urban,2070
"29.724379800000033 , -84.73896589999981","29.615000799999535 , -84.95688679999981",urban-urban,2040
"30.547245500000066 , -86.47227280000037","30.738017599999957 , -86.32632139999987",urban-urban,1925
"30.48048930000061 , -86.58174669999974","30.674133000000015 , -86.38910300000008",urban-urban,2028
"26.71683100000004 , -80.2156045","26.753808900000053 , -80.35611140000019",urban-urban,1826
"26.153632999999928 , -81.72578000000006","26.24082889999996 , -81.53731800000013",urban-urban,2007
"25.868154200000323 , -81.1544285000003","25.746440800000077 , -80.93941009999965",urban-urban,2007
"26.22598870000004 , -81.75966469999999","26.193803400000014 , -81.53987460000016",urban-urban,2057
"26.74509649999998 , -80.33130059999992","26.593321900000223 , -80.26212710000009",urban-urban,1627
"30.939000999999976 , -87.35719000000054","30.88224300000007 , -87.1937379999997",urban-rural,1985
"25.330773900000068 , -80.56570650000016","25.487821499999992 , -80.46027710000028",urban-rural,1847
"24.547840899999997 , -81.78496489999974","24.6795303 , -81.55091260000009",urban-rural,1776
"30.95858140000029 , -87.30034929999994","30.96395799999998 , -87.571319",rural-urban,1781
"30.827520999999994 , -86.67545700000001","30.65634779999967 , -86.86843690000018",rural-urban,1911
"30.290754400000427 , -85.11566360000036","30.562929550000227 , -85.02167885000034",urban-rural,1946
"30.18746980000016 , -85.80277360000031","30.303359099999984 , -86.08655370000047",urban-rural,1948
"30.610625500000005 , -83.79590750000008","30.44719149999997 , -84.0496184999999",urban-rural,2068
"30.70732220000002 , -85.07457730000007","30.42598399999995 , -85.14868320000038",urban-rural,2060
"25.3187030999999 , -80.56573699999969","25.501520899999687 , -80.48506200000006",urban-rural,1973
"25.433078299999927 , -80.51570960000006","25.617279999999937 , -80.46511300000006",rural-urban,1819
"28.414311899999962 , -81.60581270000019","28.257476299999993 , -81.34720040000012",urban-rural,2028
"30.725517699999997 , -87.06017470000012","30.488554000000107 , -87.06919900000005",urban-rural,1858
"30.696638400000033 , -85.3589335000003","30.927932200000065 , -85.16321259999981",urban-rural,2035
"25.193474999999946 , -80.3467202000006","24.936533299999986 , -80.61227960000001",urban-rural,1923
"25.20964470000004 , -80.34135419999994","24.9896136000013 , -80.55265400000008",rural-urban,1655
"27.82916579999989 , -80.48469639999989","27.61742339999996 , -80.45865779999991",urban-rural,2033
"26.741045600000017 , -80.25231269999905","26.72576840000015 , -80.50507220000013",urban-rural,1662
"30.49764500000014 , -87.09813999999997","30.713067200000143 , -87.00296989999998",urban-rural,1823
"30.63340819999981 , -84.52910410000018","30.675129999999932 , -84.18567600000013",rural-urban,2070
"30.444021000000028 , -84.10140500000023","30.566315999999894 , -83.80073250000012",rural-urban,1935
"30.185427999999998 , -83.6367549999999","29.90563989999994 , -83.63626249999987",rural-urban,1980
"24.560975499999632 , -81.75005109999987","24.597652200000123 , -81.58301329999993",rural-urban,1592
"30.59536500000002 , -83.41095589999986","30.329381000000023 , -83.33692299999984",urban-rural,1838
"30.93890900000008 , -87.50606000000063","30.950418999999968 , -87.2073660000001",rural-urban,1782
"30.513294399999996 , -81.73557160000036","30.736424799999984 , -81.94235829999991",rural-urban,1936
"26.240862699999962 , -81.53730220000013","26.311255800000005 , -81.23384720000035",urban-rural,2021
"28.037650000000028 , -81.61156200000075","28.314401400000193 , -81.58624560000007",rural-urban,2034
"27.147447299999993 , -80.19954950000017","26.942698399999916 , -80.08143890000007",urban-rural,1686
"30.740487000000012 , -87.45172900000003","30.527967000000036 , -87.31701159999983",urban-rural,1959
"29.71062589999993 , -82.41808670000052","29.640910100000053 , -82.71547370000003",urban-rural,1976
"25.63855870000001 , -80.41615140000016","25.723075000000087 , -80.25118879999965",rural-urban,1893
"30.819275000000072 , -87.34636500000042","30.975461999999965 , -87.5758079999998",rural-urban,2063
"30.476662999999967 , -81.48657700000001","30.457128300000083 , -81.75407480000011",rural-urban,1741
"30.66085900000007 , -86.13359000000007","30.91999599999999 , -86.11420800000005",urban-rural,1982
"26.678905600000142 , -80.44542989999957","26.774952400000043 , -80.23640239999989",rural-urban,1730
"30.442390000000117 , -86.65278899999981","30.386561500000102 , -86.35494790000043",urban-rural,2005
"30.95661000000002 , -87.220687","30.96171300000008 , -86.95954299999963",rural-urban,1827
"30.397933649999967 , -84.96780319999993","30.670361000000224 , -85.03979090000021",rural-urban,2057
"30.480603500000182 , -81.56392430000008","30.427395699999877 , -81.84807850000013",urban-rural,1913
"26.81167609999997 , -80.98449329999994","26.698455799999955 , -80.7815048999998",urban-rural,1607
"27.82354390000005 , -82.48616640000024","28.105618800000265 , -82.45730079999974",urban-rural,1968
"30.502305999999972 , -84.88196500000018","30.261131199999877 , -85.0493334999999",rural-urban,2039
"30.92294200000011 , -86.62203799999963","30.690596999999958 , -86.74431699999977",rural-urban,1824
"30.34269559999976 , -86.07145169999995","30.17561390000002 , -85.80325690000001",rural-urban,1951
"30.34017980000005 , -83.99093110000017","30.64121049999998 , -83.87247070000004",rural-urban,2066
"24.757233999999873 , -80.95792920000017","24.65478630000019 , -81.30054349999993",urban-rural,1629
"30.897600999999945 , -87.02440699999961","30.621524899999976 , -87.04502519999981",rural-urban,1863
"27.752320700000187 , -80.39069889999944","27.532822999999986 , -80.31524440000005",urban-rural,1922
"25.52979759999986 , -80.36784789999984","25.620063600000204 , -80.53087270000033",urban-rural,2018
"30.634337799999994 , -81.81173129999985","30.42980859999994 , -81.68764869999987",rural-urban,1863
"30.900614799999932 , -85.43239729999996","30.808480000000003 , -85.72528500000011",urban-rural,1997
"28.0275075000001 , -82.28923240000033","27.82215080000005 , -82.48445119999998",rural-urban,1851
"29.171384400000132 , -80.97917619999993","29.39887700000004 , -81.09357409999996",rural-urban,2033
"30.430979000000047 , -86.62614100000042","30.370146700000003 , -86.32838800000002",urban-rural,1973
"30.70583529999989 , -87.3440074","30.88557979999996 , -87.5194343000001",urban-rural,1944
"30.54632200000011 , -81.68716439999992","30.523832500000175 , -81.9830429999994",urban-rural,2056
"29.31676409999989 , -81.0512909999999","29.549576399999975 , -81.16148269999958",rural-urban,1905
"30.589266999999932 , -87.24280900000007","30.799130000000005 , -87.34248000000002",rural-urban,1971
"30.54867930000002 , -81.70779030000014","30.69934549999989 , -81.93018430000019",urban-rural,2012
"27.50524840000027 , -80.30399780000025","27.295422000000155 , -80.33387200000013",rural-urban,2006
"26.70228000000006 , -80.18946199999942","26.71067500000001 , -80.42848199999986",urban-rural,1763
"28.081059000000057 , -80.60048259999998","28.297209200000438 , -80.70453620000018",rural-urban,2042
"30.528843900000155 , -81.80401950000011","30.449410400000037 , -81.51809930000007",urban-rural,1932
"26.888331299999894 , -82.06178929999984","26.634822300000014 , -82.04050520000013",urban-rural,1881
"25.617563999999955 , -80.49165100000006","25.540108800000137 , -80.32753859999995",urban-rural,2032
"30.55274329999999 , -87.34266089999993","30.746885999999993 , -87.45670699999987",urban-rural,1661
"29.11943180000004 , -80.98627149999977","28.896067000000013 , -80.8951489999999",rural-urban,1899
"26.168462100000003 , -80.26256740000001","26.276683300000045 , -80.0859285999999",rural-urban,1965
"30.29030699999995 , -83.06422799999977","30.019686600000085 , -83.15675610000065",urban-rural,2066
"30.63387000000005 , -81.69513049999988","30.74566840000006 , -81.95454839999984",urban-rural,1935
"30.66370229999993 , -85.14069070000009","30.393027500000034 , -85.20858710000002",urban-rural,2057
"29.91783700000033 , -83.43484529999998","30.19637499999997 , -83.60010600000027",urban-rural,1960
"27.765737700000003 , -80.60837350000007","27.97689069999989 , -80.70224559999987",urban-rural,1983
"25.747397875000058 , -80.93854724999973","25.760820525000195 , -80.64044242500016",urban-rural,1641
"30.579074000000027 , -85.92506000000003","30.815894899999964 , -86.05010579999976",urban-rural,1944
"26.678249999999895 , -80.46822199999984","26.788434999999986 , -80.26265309999977",rural-urban,1742
"30.94103210000006 , -85.16431599999984","30.671416200000042 , -85.23704880000028",rural-urban,1837
"30.528899300000035 , -86.5459179","30.729849499999844 , -86.37932760000042",urban-rural,2049
"26.274680999999823 , -81.51343499999972","26.295471399999997 , -81.76922630000061",urban-rural,2048
"30.895638 , -87.22124800000003","30.671978000000024 , -87.22015699999952",urban-rural,1969
"30.55760279999989 , -86.98281699999936","30.777780000000043 , -87.08714549999962",urban-rural,1987
"30.488997550000047 , -83.16714692499994","30.520719600000092 , -83.4803661999995",rural-urban,2034
"30.93969900000018 , -87.1814370000002","30.889900000000186 , -86.92426300000028",urban-rural,1670
"26.157741000000048 , -81.5548170000001","26.3275367000001 , -81.41653829999987",urban-rural,1628
"29.716527900000045 , -85.04358999999991","29.76364739999993 , -85.39760629999995",rural-urban,2046
"27.216958099999925 , -80.17850270000011","27.001786700000036 , -80.10316669999982",rural-urban,2000
"30.96399620000001 , -85.1474806999999","30.69369470000006 , -85.18061089999982",urban-rural,1796
"30.63929909999997 , -83.8461742","30.356609200000047 , -83.9022681000001",rural-urban,1927
"24.730764199999953 , -81.05617840000066","24.636102100000013 , -81.35728519999996",urban-rural,1634
"30.62106799999999 , -87.19256899999905","30.830375999999987 , -87.29063899999987",urban-rural,1920
"28.9441706 , -82.63021879999977","28.714578100000086 , -82.45159430000012",urban-rural,2045
"30.83791620000004 , -85.34279379999985","30.9545030000001 , -85.62575000000001",rural-urban,1946
"30.939952000000027 , -86.72262100000044","30.818927000000006 , -86.96128900000006",urban-rural,1872
"26.224070499999872 , -80.93466250000016","26.449415999999857 , -80.97984119999953",urban-rural,2048
"26.835399799999948 , -81.16093410000013","27.08652509999998 , -81.11023459999993",rural-urban,1865
"26.72816969999997 , -80.22795679999997","26.725732300000153 , -80.48943170000011",urban-rural,1657
"30.36057149999992 , -87.20202360000013","30.52678400000005 , -87.40755299999996",urban-rural,1862
"30.951428000000032 , -87.17822299999982","30.984234199999857 , -87.52051390000014",urban-rural,2023
"30.925563000000064 , -85.67884200000012","30.94662069999989 , -85.36825230000026",rural-urban,1991
"30.34970330000003 , -81.72067480000017","30.556005499999813 , -81.87130080000013",urban-rural,1784
"29.070952000000325 , -80.94992210000004","28.87694789999993 , -80.7887302000002",urban-rural,1953
"30.57895610000008 , -81.86722720000019","30.428526099999882 , -81.66054989999971",rural-urban,1698
"26.125706000000182 , -80.10888","26.07725089999974 , -80.30882669999993",urban-rural,1788
"30.458651000000085 , -87.09791799999975","30.71997000000011 , -87.07468399999986",urban-rural,2002
"26.30716299999999 , -81.74213699999983","26.285640000000058 , -81.51332699999989",rural-urban,2016
"30.948490300000124 , -85.77453809999939","30.935230799999893 , -85.47209990000034",rural-urban,1910
"30.748465999999976 , -87.3721570000002","30.986313000000003 , -87.35572500000005",rural-urban,2003
"27.497713399999977 , -80.45895200000021","27.745233000000237 , -80.46396760000006",urban-rural,1910
"30.949032800000335 , -85.11823080000023","30.678732800000024 , -85.03235039999976",urban-rural,1894
"27.980615900000046 , -80.68634059999992","27.74277130000003 , -80.63640740000028",urban-rural,1988
"30.983720400000124 , -85.63991350000013","30.93927600000005 , -85.33249990000013",urban-rural,1727
"26.193803400000014 , -81.53987460000016","26.33785249999981 , -81.3433809999997",urban-rural,1953
"30.836550500000037 , -87.16687109999997","30.607154000000083 , -87.03481090000002",urban-rural,1979
"30.145563000000017 , -85.75948999999991","30.31329270000005 , -86.03961679999998",urban-rural,2035
"30.465681999999955 , -87.40925389999978","30.694602999999937 , -87.4112380000002",rural-urban,1970
"26.678407999999838 , -80.411365","26.825320199999986 , -80.2293161000002",rural-urban,1825
"30.319060000000032 , -83.76557700000009","29.996160499999917 , -83.56356169999992",urban-rural,1988
"30.596655999999992 , -87.18639299999994","30.756266399999962 , -87.38048760000024",urban-rural,2065
"30.834787300000034 , -87.05737420000047","30.62162699999999 , -87.15401299999971",rural-urban,2019
"27.11178040000006 , -81.1111894999998","26.868813600000077 , -81.12419090000004",urban-rural,1582
"26.08346209999994 , -81.71534590000029","26.30654350000001 , -81.71755819999989",rural-urban,2012
"29.80330159999999 , -82.98017220000024","29.528805 , -82.87293800000015",urban-rural,1940
"30.408543999999946 , -85.06473380000004","30.698203500000044 , -85.049898",rural-urban,1950
"30.273382099999964 , -83.74988579999984","30.032042299999986 , -83.52310629999987",urban-rural,1879
"30.59615380000001 , -83.2817865999999","30.333183000000012 , -83.26651999999967",rural-urban,2069
"26.29714899999989 , -81.36148199999973","26.278776400000147 , -81.6532141999999",rural-urban,1847
"30.991842200000054 , -86.36966820000015","30.900059999999982 , -86.65821699999998",urban-rural,2044
"30.594137300000007 , -84.76286080000004","30.585446400000066 , -84.43747989999994",rural-urban,2022
"28.96339599999993 , -80.84793900000027","29.1359456999999 , -81.05198959999916",urban-rural,2028
"26.85657240000005 , -82.25150620000015","27.022710000000043 , -82.06120400000006",rural-urban,2059
"30.69265030000013 , -87.32973799999965","30.656569300000033 , -87.05847210000002",urban-rural,2062
"30.995213000000142 , -87.12682199999996","30.71415000000012 , -87.04568099999977",rural-urban,2035
"30.54274599999994 , -85.91796699999999","30.824867999999952 , -85.99569300000007",rural-urban,2038
"28.443494999999864 , -81.59064970000001","28.281176699999914 , -81.31937730000048",urban-rural,1949
"26.29481449999999 , -81.4318106999997","26.294096999999997 , -81.70286670000033",rural-urban,1910
"24.6965697 , -81.3689610000002","24.69203359999999 , -81.08681110000002",rural-urban,1774
"26.211125800000175 , -81.68352549999952","26.011150899999873 , -81.70154579999945",urban-rural,1818
"30.94480549999999 , -85.40721330000049","30.702193000000054 , -85.60138599999915",rural-urban,2053
"26.687020000000015 , -81.57953199999986","26.475256900000037 , -81.5780822000003",urban-rural,1913
"30.923325000000062 , -86.6984749999992","30.78501699999999 , -86.94045700000005",urban-rural,2068
"30.515412999999953 , -85.11551069999996","30.789970000000093 , -85.22143900000003",urban-rural,2054
"28.555089000000063 , -81.14125830000123","28.790417000000012 , -81.11881900000006",rural-urban,2030
"30.98624600000005 , -86.86545100000016","30.950989899999936 , -87.13701879999995",urban-rural,2059
"30.26941849999993 , -85.14038000000028","30.533578999999918 , -85.03670190000003",urban-rural,1762
"30.747173249999967 , -86.29987800000008","30.86356339999981 , -86.56850659999998",rural-urban,2056
"30.378077999999995 , -84.11983299999974","30.54521419999988 , -83.85397769999994",rural-urban,2066
"30.987923000000073 , -86.94436299999998","30.865837799999845 , -87.16618929999971",rural-urban,2024
"28.461642999999775 , -81.70704299999962","28.389902999999876 , -81.43004090000007",rural-urban,2017
"30.485708000000052 , -85.95283500000005","30.74776200000008 , -85.97104999999952",rural-urban,1813
"26.92701399999993 , -82.01554050000006","26.692531999999964 , -81.98499600000022",rural-urban,1999
"29.626875999999992 , -83.01647900000033","29.897404999999907 , -82.94738660000009",urban-rural,1932
"28.857569799999915 , -80.77638239999972","29.035226999999963 , -80.93795289999969",rural-urban,1830
"26.705939000000157 , -80.07135640000023","26.71948689999998 , -80.28081440000025",urban-rural,1921
"30.371620699999948 , -81.73139919999986","30.598089100000053 , -81.8389629",urban-rural,1578
"26.295030999999888 , -81.40608199999973","26.26816390000004 , -81.65315920000012",urban-rural,1587
"28.477207000000014 , -81.54482899999998","28.240413999999873 , -81.66728439999969",urban-rural,2045
"30.873155100000034 , -85.47835859999996","30.57959989999994 , -85.3879560000001",urban-rural,1987
"26.292630999999947 , -81.38897200000063","26.289561500000037 , -81.62512410000022",rural-urban,1814
"30.286922399999934 , -85.15844070000027","30.000846000000017 , -85.14319419999958",urban-rural,1989
"30.565964000000122 , -87.03239600000009","30.839239699999844 , -87.02815809999991",rural-urban,1965
"30.638270699999925 , -84.80027900000043","30.88403539999988 , -84.96375130000024",urban-rural,2012
"26.19318820000006 , -81.55325170000046","26.279384999999813 , -81.34229699999968",urban-rural,1864
"30.55217480000002 , -87.30319419999995","30.815884999999998 , -87.34475200000011",urban-rural,1892
"26.66710669999995 , -80.4564382000001","26.763419800000058 , -80.22488240000024",rural-urban,1932
"30.913810000000034 , -86.1038300000001","30.646597000000035 , -86.05388500000025",urban-rural,2043
"30.367430000000066 , -86.12469480000021","30.211840000000088 , -85.86986820000001",rural-urban,1817
"30.910964999999948 , -87.37347399999986","30.950946000000034 , -87.08496099999985",urban-rural,1955
"26.683991999999947 , -80.27012900000044","26.51348500000004 , -80.14870650000006",urban-rural,2026
"30.73815900000007 , -86.83888399999931","30.64501430000003 , -86.55187869999982",rural-urban,1825
"30.924765000000118 , -86.95939699999987","30.727542900000206 , -87.09884900000002",rural-urban,2055
"30.883550700000065 , -87.50611709999917","30.955813000000024 , -87.20884999999996",urban-rural,2035
"30.83786740000019 , -85.56156710000005","30.59543000000011 , -85.68330300000079",urban-rural,2057
"26.26374110000005 , -81.56242360000016","26.055040999999992 , -81.50958699999988",urban-rural,1538
"30.593205100000013 , -84.84590570000009","30.550285600000056 , -84.52275010000037",rural-urban,1997
"30.94771400000002 , -86.10004700000006","30.685384800000154 , -86.0931183000007",urban-rural,1945
"26.05186320000022 , -80.25658139999993","25.87067499999998 , -80.1654128000001",urban-rural,1971
"30.986199999999982 , -87.03125700000012","30.968388999999952 , -87.3562199999997",urban-rural,1897
"30.93506600000001 , -86.78307999999987","30.713470499999936 , -86.6768267000002",rural-urban,2021
"30.134849600000084 , -85.36383770000006","30.17366369999996 , -85.68150729999958",rural-urban,1937
"30.986339999999956 , -87.2484500000002","30.763124999999945 , -87.09716799999991",rural-urban,1801
"26.73814060000004 , -81.2909413000004","26.870654699999957 , -81.49387259999972",urban-rural,2016
"30.346620600000506 , -87.06116780000008","30.419672199999983 , -86.69486320000009",rural-urban,2020
"25.825819999999897 , -81.36102099999987","26.055762999999992 , -81.45870199999989",rural-urban,1964
"30.110853999999975 , -81.63932599999985","30.345496200000106 , -81.63777249999967",urban-rural,2023
"30.504245900000218 , -85.03811320000031","30.22042019999995 , -85.00490060000024",urban-rural,1976
"27.075851700000026 , -81.09977209999983","26.817987800000104 , -81.10046620000016",rural-urban,1944
"30.32105999999993 , -86.13915299999968","30.393573099999962 , -86.46181899999993",urban-rural,1958
"30.928866999999926 , -87.38256200000001","30.667011700000106 , -87.32851119999987",rural-urban,1993
"27.261071999999952 , -80.61801930000001","27.263989700000117 , -80.87669440000009",rural-urban,1864
"29.401767100000036 , -81.11409800000006","29.188576899999646 , -80.98801910000053",urban-rural,1938
"30.984423999999937 , -87.11023499999988","30.83405099999997 , -87.3294129999998",urban-rural,2041
"26.06275630000006 , -80.25617810000044","25.907996999999742 , -80.15088910000055",urban-rural,1846
"30.0208561 , -83.52529759999997","30.28880130000003 , -83.61820190000005",urban-rural,2066
"27.990809899999952 , -80.52018119999994","28.176917099999994 , -80.64839920000004",urban-rural,1938
"27.942461100000113 , -80.60616579999987","28.145201500000013 , -80.72711260000015",rural-urban,2004
"30.936169000000035 , -86.9917449999997","30.973610100000084 , -87.30627260000045",rural-urban,1985
"30.889859000000044 , -86.97537199999987","30.962489000000136 , -87.27467800000004",rural-urban,1672
"26.892200099999982 , -82.07167630000002","26.94437210000001 , -81.81437170000001",urban-rural,1982
"30.38332900000006 , -87.18114639999983","30.61130169999999 , -87.35699609999952",rural-urban,1650
"27.46410299999992 , -81.40562299999993","27.499260100000054 , -81.66600960000041",urban-rural,1785
"24.697210699999953 , -81.17555675000006","24.719969299999896 , -81.43534049999988",rural-urban,1845
"30.933823299999883 , -85.51778189999987","30.68016399999988 , -85.60391299999972",urban-rural,1910
"30.505368999999895 , -87.38439020000003","30.733462999999993 , -87.41017399999993",urban-rural,1985
"29.612087900000077 , -82.99911150000048","29.91653392499994 , -82.9506919500002",urban-rural,2034
"26.685394699999875 , -80.30843660000005","26.504243399999986 , -80.20209460000002",urban-rural,2043
"30.83255079999995 , -87.27613920000022","30.972267999999975 , -87.06220400000018",rural-urban,1942
"26.83475120000021 , -82.20946880000005","27.072884000000162 , -82.20323540000041",urban-rural,1990
"30.000811400000053 , -81.53711890000005","29.889358000000076 , -81.29060099999991",rural-urban,2045
"30.92582800000007 , -87.23388600000007","30.69737309999996 , -87.16095990000032",urban-rural,1892
"26.678216999999947 , -80.48424600000025","26.80242819999983 , -80.31358070000003",rural-urban,1795
"30.785173700000026 , -87.24349509999996","30.550322000000005 , -87.19493400000006",urban-rural,1868
"25.873295250000233 , -81.19487709999993","26.02651374999992 , -81.41766824999988",rural-urban,2024
"25.220668199999977 , -80.33507169999977","25.003794399999887 , -80.51676400000015",rural-urban,1570
"25.4405597000001 , -80.46065369999991","25.39029300000003 , -80.68093759999992",urban-rural,1894
"30.956873200000192 , -85.8946599000001","30.982954999999983 , -85.57223500000038",rural-urban,1820
"30.883758999999998 , -86.674614","30.66031180000018 , -86.76504210000016",urban-rural,1712
"29.99014919999992 , -81.89773789999975","29.765477000000192 , -82.05066539999953",rural-urban,1676
"30.65564300000004 , -86.82655100000005","30.735767999999872 , -86.54077709999969",rural-urban,1849
"30.52875560000008 , -87.33022900000039","30.775311999999936 , -87.33897500000005",urban-rural,1879
"25.4040116 , -80.45394870000017","25.389364399999998 , -80.64649729999994",rural-urban,1635
"30.337393700000014 , -81.72100620000023","30.58730100000014 , -81.8539117",urban-rural,1846
"26.05954160000009 , -81.71557390000027","26.270815899999885 , -81.7184797999998",rural-urban,1872
"30.869433300000026 , -87.46382830000012","30.699338899999805 , -87.30194949999989",urban-rural,1844
"30.416908000000035 , -86.48855270000011","30.377717200000102 , -86.19124170000059",urban-rural,1942
"30.85659999999997 , -87.15192300000008","30.625142599999954 , -87.13847960000015",rural-urban,1997
"29.83629600000021 , -82.96852640000006","29.53299870000002 , -82.89809620000003",rural-urban,1973
"30.952229200000048 , -85.43017710000015","30.914834900000006 , -85.7754639000004",urban-rural,1984
"30.371081400000037 , -86.92331100000008","30.40334810000013 , -87.21913410000035",rural-urban,2032
"30.438804000000005 , -87.09999700000016","30.41055759999971 , -86.77476459999994",rural-urban,1763
"26.052240999999924 , -81.44599599999988","25.896541799999937 , -81.28292830000011",urban-rural,1841
"30.430858000000047 , -81.7284689999999","30.62280700000005 , -81.88069869999993",urban-rural,1797
"25.89150400000017 , -81.27074010000007","25.760228999999985 , -81.06738400000064",rural-urban,1652
"30.37012010000009 , -86.92933399999964","30.324540099999965 , -87.20261569999997",rural-urban,1664
"30.963486000000113 , -87.14083499999963","30.953553699999777 , -87.4926557000002",rural-urban,1977
"30.478302699999947 , -87.39469599999978","30.67247799999969 , -87.25814840000015",rural-urban,1922
"28.082513600000123 , -81.62264890000002","28.39648419999975 , -81.55169739999995",rural-urban,2049
"30.95001 , -87.38225599999986","30.95082599999999 , -87.07178200000027",urban-rural,2002
"28.181838899999992 , -82.33520750000012","28.027432500000064 , -82.5672805",urban-rural,2036
"27.10933300000006 , -80.14879299999987","26.89141840000001 , -80.05686109999998",urban-rural,2059
"30.56228310000009 , -81.91482509999994","30.37189640000003 , -81.70478550000018",rural-urban,1947
"30.834371 , -87.5186859999995","30.679766999999924 , -87.31591800000028",rural-urban,1900
"30.64117519999997 , -86.52574810000029","30.749078000000015 , -86.80149499999983",urban-rural,2013
"30.294887199999998 , -85.23918589999994","30.02209410000028 , -85.16405529999996",rural-urban,1675
"26.678412199999702 , -80.41702799999989","26.847394700000073 , -80.31716959999986",urban-rural,1949
"25.734163799999973 , -80.21932779999939","25.66042050000001 , -80.39779260000007",rural-urban,1927
"30.7817555 , -85.45108109999998","30.617577500000113 , -85.70074410000078",urban-rural,2065
"30.665774000000017 , -86.06427800000007","30.940863999999873 , -86.14630700000036",urban-rural,1967
"29.16271519999997 , -80.97439500000003","28.938166499999983 , -80.88984620000002",rural-urban,2061
"30.624994150000028 , -85.17965990000016","30.431913600000026 , -84.94535519999998",rural-urban,2060
"30.73825539999978 , -86.66890609999965","30.608353999999988 , -86.25221700000024",urban-urban,3495
"30.49432050000021 , -86.2197491000002","30.855633999999924 , -86.63221100000008",urban-urban,4066
"26.104257100000194 , -81.70793629999993","26.381450000000026 , -81.51448300000013",urban-urban,3258
"27.614138100000222 , -81.15201820000006","27.722891999999916 , -81.52301940000007",urban-urban,3316
"30.753466999999997 , -86.70777600000031","30.497483700000036 , -86.20423100000023",urban-urban,4034
"26.36332290000001 , -81.56140639999997","26.09173279999997 , -81.69143639999957",urban-urban,3077
"30.395670299999978 , -86.60298230000028","30.891720000000046 , -86.46075599999986",urban-urban,3989
"26.341778400000045 , -81.53549089999964","26.060318000000045 , -81.7058759999999",urban-urban,3246
"26.353083900000023 , -81.52551880000004","26.12937210000002 , -81.71603350000005",urban-urban,3069
"26.33043540000003 , -81.53553440000017","26.096898799999934 , -81.75062160000024",urban-urban,3181
"26.10783700000029 , -81.7032599","26.345503800000014 , -81.52518539999978",urban-urban,3140
"30.45434000000008 , -86.39917999999983","30.888646999999942 , -86.71080799999984",urban-urban,3432
"30.380613000000032 , -87.12777099999977","30.5336628 , -86.47395030000015",urban-urban,4124
"30.4435946999999 , -86.94994360000038","30.63083899999998 , -86.41119100000029",urban-urban,4042
"30.817217000000007 , -86.71072399999979","30.51488099999999 , -86.18640599999998",urban-urban,4033
"26.387543000000026 , -81.51461900000012","26.106723000000304 , -81.66568590000018",urban-urban,3427
"27.59217600000003 , -81.1561279999998","27.722265999999973 , -81.5510109999998",urban-urban,3253
"30.49478310000003 , -86.55366740000007","30.368259500000818 , -87.11498260000015",urban-urban,3668
"26.083662400000048 , -81.67140570000004","26.374326000000064 , -81.52420900000007",urban-urban,3389
"30.413459799999966 , -86.6060855999999","30.888422000000045 , -86.44475699999985",urban-urban,3944
"30.511946399999893 , -86.55205329999988","30.385543100000096 , -87.12438600000036",urban-urban,3646
"30.493337999999866 , -86.22169899999953","30.796781999999986 , -86.72963900000013",urban-urban,3850
"26.103825999999945 , -81.77978599999982","26.222134799999967 , -81.45813700000002",urban-urban,3551
"26.330601000000012 , -81.56233299999984","26.087723800000084 , -81.76546990000058",urban-urban,3442
"27.72248799999997 , -81.5147070000004","27.62305599999994 , -81.14795199999959",urban-urban,3231
"27.728059000000037 , -81.49840000000002","27.577295999999908 , -81.17140799999956",urban-urban,3091
"30.816242000000027 , -86.55438099999918","30.382756500000003 , -86.86212069999999",urban-urban,4114
"30.404830999999923 , -86.96314669999992","30.567312099999796 , -86.41706829999995",urban-urban,3579
"30.514080099999973 , -86.51540989999995","30.383037999999964 , -87.12220100000002",urban-urban,3862
"27.759429000000104 , -81.5076440000001","27.658625000000026 , -81.18171000000054",urban-urban,3474
"26.330601999999885 , -81.56224520000072","26.05631199999981 , -81.71433239999995",urban-urban,3364
"30.952947599999973 , -86.53435440000018","30.45417740000021 , -86.59471029999997",urban-urban,3774
"30.513748000000042 , -86.16632799999996","30.798803700000004 , -86.71571150000001",urban-urban,4137
"26.096705699999966 , -81.73062579999996","26.371718899999877 , -81.53833549999999",urban-urban,3495
"27.643674000000026 , -81.17121500000053","27.718940000000018 , -81.54359000000048",urban-urban,3859
"26.36630599999991 , -81.55585200000071","26.05980270000002 , -81.69613370000012",urban-urban,3365
"30.840635999999986 , -86.66656659999997","30.48949999999998 , -86.20590300000039",urban-urban,4121
"30.942042999999895 , -86.52014900000044","30.433518999999922 , -86.61062600000008",urban-urban,3764
"26.271682 , -81.51552699999989","26.082154200000122 , -81.74469619999978",urban-urban,3077
"27.741743000000035 , -81.526911","27.639391999999997 , -81.19279999999965",urban-urban,3460
"30.43395700000005 , -86.94863799999959","30.577472999999976 , -86.38062400000037",urban-urban,3965
"30.873303000000067 , -86.61054400000037","30.38219359999998 , -86.42682419999984",urban-urban,3736
"30.573875299999795 , -86.39331939999992","30.431402000000023 , -86.95052900000023",urban-urban,3937
"26.087000400000026 , -81.68220210000003","26.381027099999873 , -81.5308981",urban-urban,3320
"30.547049400000038 , -86.47114259999965","30.37992300000008 , -87.11863999999967",urban-urban,4085
"30.85845099999994 , -86.6151590000001","30.37936300000002 , -86.39614399999986",urban-urban,3762
"30.854504100000085 , -86.6624248000001","30.49460510000021 , -86.2191395000002",urban-urban,3941
"30.909585000000078 , -86.45985699999977","30.43078940000023 , -86.63445430000051",urban-urban,3792
"30.685938599999986 , -86.37501900000001","30.407124000000135 , -86.86313300000008",urban-urban,3935
"26.123813799999926 , -81.78266359999985","26.235000600000046 , -81.46193030000026",urban-urban,3307
"30.884188000000048 , -86.75058200000004","30.464984800000014 , -86.36849029999999",urban-urban,3533
"26.08350700000001 , -81.7575288","26.35287700000005 , -81.51599000000012",urban-urban,3780
"30.402901299999954 , -86.98294500000038","30.625192 , -86.41576200000011",urban-urban,3912
"30.468190999999987 , -86.5029034000001","30.3567222999999 , -87.17924700000002",urban-urban,4100
"30.549943199999824 , -86.4982460999998","30.376273999999995 , -87.0797379999998",urban-urban,3763
"26.34943059999981 , -81.53786279999994","26.094728100000044 , -81.68206260000001",urban-urban,3096
"26.316820300000035 , -81.42009499999985","26.14918200000004 , -81.74031300000014",urban-urban,3071
"30.91818680000079 , -86.75464370000061","30.398959000000122 , -86.61588800000013",urban-urban,4127
"27.590688000000032 , -81.1561759999998","27.820461000000098 , -81.38109500000014",urban-urban,3939
"30.379354999999904 , -87.06686109999944","30.509150300000005 , -86.49364100000007",urban-urban,3572
"30.38312370000003 , -86.85842759999998","30.672573000000074 , -86.3689279999999",urban-urban,3975
"30.383690000000094 , -87.12727199999995","30.501467999999985 , -86.4985119999996",urban-urban,3940
"30.47255370000011 , -86.48183619999979","30.384046500000125 , -87.11439639999973",urban-urban,3853
"26.232355500000043 , -81.45737200000026","26.175996 , -81.80259700000019",urban-urban,3271
"26.095699599999975 , -81.62488329999985","26.38532100000007 , -81.52293800000004",urban-urban,3784
"30.691516200000077 , -86.3432286999999","30.426653000000062 , -86.85351999999943",urban-urban,4068
"30.430892999999962 , -86.61662099999998","30.93824299999997 , -86.43410600000014",urban-urban,4090
"30.38575400000008 , -87.10881199999996","30.516992400000007 , -86.46525739999974",urban-urban,4063
"30.574654299999963 , -86.3710330000003","30.37661590000013 , -86.91136360000003",urban-urban,3833
"30.39616700000007 , -87.09381199999986","30.517533000000014 , -86.51041200000013",urban-urban,3688
"26.382071000000067 , -81.52270800000004","26.10285360000003 , -81.68589110000028",urban-urban,3164
"26.24094119999996 , -81.81309100000003","26.222891000000047 , -81.44071300000026",urban-urban,3102
"26.22485080000005 , -81.44267830000027","26.169671600000026 , -81.81197120000003",urban-urban,3389
"30.48963009999991 , -86.53631260000037","30.380521600000055 , -87.12833929999982",urban-urban,3980
"30.893817999999985 , -86.54725199999996","30.396770500000056 , -86.60142990000016",urban-urban,3799
"26.10679789999982 , -81.68551639999998","26.371718899999877 , -81.53833549999999",urban-urban,3353
"30.389438000000016 , -87.1112169999999","30.540873700000063 , -86.53951670000038",urban-urban,3552
"30.892045999999873 , -86.73393499999985","30.394109200000155 , -86.59269040000042",urban-urban,3779
"30.37364320000014 , -87.09730720000019","30.49657460000008 , -86.48727980000008",urban-urban,3707
"26.363318000000014 , -81.56270500000015","26.077356500000157 , -81.74022889999993",urban-urban,3564
"30.40375689999997 , -86.98751819999995","30.568032299999796 , -86.41446999999995",urban-urban,3803
"30.506228000000032 , -86.52398700000019","30.3642049999999 , -87.12996139999962",urban-urban,3667
"26.334507800000043 , -81.53101590000014","26.08800700000003 , -81.71424789999944",urban-urban,3067
"30.54659299999989 , -86.53637049999988","30.369484200000144 , -87.10948830000015",urban-urban,4000
"30.39769600000007 , -86.58291699999963","30.904286999999865 , -86.73979599999987",urban-urban,3963
"26.362938700000075 , -81.52529080000055","26.11722780000005 , -81.74281919999986",urban-urban,3287
"26.379468000000063 , -81.52310000000006","26.10858720000002 , -81.66723089999957",urban-urban,3150
"30.384148599999993 , -87.08998409999998","30.487995000000012 , -86.46575700000027",urban-urban,4051
"30.85821999999989 , -86.6715150000002","30.486527999999986 , -86.24278699999992",urban-urban,3808
"30.516057000000053 , -86.49479799999985","30.362486000000022 , -87.15624489999999",urban-urban,3998
"30.689804075000062 , -86.34795607500007","30.415460500000005 , -86.84194789999991",urban-urban,3922
"30.383877499999866 , -87.09460730000073","30.509211999999973 , -86.50231400000014",urban-urban,3549
"26.278636399999986 , -81.48256020000001","26.096459900000077 , -81.7215154000002",urban-urban,3160
"30.95111200000009 , -86.45297300000028","30.453320799999968 , -86.5593238",urban-urban,3853
"26.082491800000057 , -81.67302880000001","26.356520000000067 , -81.51622000000005",urban-urban,3357
"30.583574400000046 , -86.53148179999998","30.397775000000088 , -87.06745499999997",urban-urban,3541
"30.498371400000032 , -86.54028130000007","30.35994780000001 , -87.16473369999986",urban-urban,3758
"26.31457740000019 , -81.5215775999998","26.088904699999997 , -81.74019549999994",urban-urban,3241
"30.379972200000047 , -87.09493679999974","30.50480350000012 , -86.5111041000003",urban-urban,3557
"30.56228620000012 , -86.52900219999977","30.368546400000078 , -87.14133460000022",urban-urban,4067
"27.644047999999994 , -81.19550399999964","27.72313800000001 , -81.54153500000001",urban-urban,3215
"26.363369300000116 , -81.5552437000006","26.093969300000108 , -81.74333939999993",urban-urban,3395
"30.4295153 , -86.60587189999988","30.915430999999977 , -86.74810000000028",urban-urban,3690
"30.410654400000116 , -86.82024669999976","30.803791000000125 , -86.49402300000004",urban-urban,4022
"30.407161999999992 , -86.82298099999997","30.678528999999948 , -86.35364500000017",urban-urban,3723
"27.626772400000032 , -81.20012769999983","27.718946000000013 , -81.5444029999997",urban-urban,3094
"27.74607600000011 , -81.53551100000013","27.637183999999944 , -81.14868799999958",urban-urban,3786
"26.365690499999854 , -81.54834980000024","26.095358200000007 , -81.69422349999998",urban-urban,3159
"30.37046009999997 , -87.10783440000037","30.518793700000032 , -86.54961630000011",urban-urban,3410
"30.402046999999985 , -86.92597800000021","30.664199100000076 , -86.38293229999991",urban-urban,3986
"30.900935999999945 , -86.70053099999978","30.46693500000002 , -86.35123899999999",urban-urban,3748
"26.204732999999887 , -81.80603900000014","26.226950800000047 , -81.44804830000027",urban-urban,3277
"30.37223900000005 , -87.10912600000026","30.54022060000002 , -86.45197964999991",urban-urban,4086
"30.87665280000108 , -86.53279619999988","30.410621000000003 , -86.75459300000013",urban-urban,4072
"30.39613700000007 , -87.09385499999986","30.55484919999998 , -86.50717900000005",urban-urban,3887
"26.10380940000014 , -81.77024109999992","26.259196999999986 , -81.48052399999999",urban-urban,3456
"30.938816999999986 , -86.53574999999992","30.43795599999999 , -86.60594100000039",urban-urban,3823
"27.71874200000001 , -81.53094199999968","27.54707199999996 , -81.23148800000011",urban-urban,3779
"30.921341999999864 , -86.76130099999993","30.43339200000007 , -86.55953299999966",urban-urban,3773
"30.89032599999994 , -86.70929499999983","30.479497099999964 , -86.29241360000047",urban-urban,3974
"27.592258300000235 , -81.15612000000007","27.731958000000034 , -81.49973700000005",urban-urban,3113
"26.34545199999999 , -81.52970030000006","26.101041600000038 , -81.73061489999994",urban-urban,3282
"30.917401999999868 , -86.75275399999991","30.463977999999955 , -86.39181999999998",urban-urban,3862
"30.520977999999964 , -86.47880800000019","30.397919500000057 , -87.08699440000015",urban-urban,3894
"30.37772670000016 , -87.0674064999999","30.507713 , -86.50699700000015",urban-urban,3539
"26.180549299999957 , -81.81178909999966","26.23502777500004 , -81.4803103750001",urban-urban,3145
"30.59370189999993 , -86.53324079999977","30.368527000000093 , -87.11606799999998",urban-urban,3898
"30.692903800000053 , -86.30833299999983","30.40436800000009 , -86.83778399999994",urban-urban,4087
"30.96618500000004 , -86.53473000000027","30.44515499999995 , -86.58238599999973",urban-urban,3810
"30.445720800000053 , -86.61078209999994","30.972115000000038 , -86.52968600000024",urban-urban,4071
"30.387452099999994 , -87.06689029999993","30.492403999999887 , -86.45593400000016",urban-urban,3893
"30.879268999999987 , -86.72500799999996","30.481349999999992 , -86.33931299999989",urban-urban,3736
"30.49778000000001 , -86.15273850000037","30.654729 , -86.73830800000064",urban-urban,4128
"30.554020999999988 , -86.50402109999993","30.38747979999975 , -87.11858709999997",urban-urban,4002
"30.91539999999987 , -86.7480289999999","30.420874000000087 , -86.60595599999971",urban-urban,3771
"26.16604460000005 , -81.8106471000001","26.211785999999968 , -81.46528500000001",urban-urban,3217
"30.38938649999988 , -87.11250469999975","30.49460640000004 , -86.54811330000005",urban-urban,3672
"30.431459999999888 , -86.61060099999982","30.923325000000027 , -86.6984749999992",urban-urban,3665
"30.521345599999943 , -86.50221229999977","30.390874000000014 , -87.1079339999999",urban-urban,3825
"30.54949700000012 , -86.53506539999971","30.373693999999976 , -87.09194900000003",urban-urban,3535
"30.899205999999978 , -86.4935000000001","30.412941199999956 , -86.61513280000004",urban-urban,3419
"26.101220499999958 , -81.78176420000031","26.22325659999993 , -81.50588300000044",urban-urban,3111
"26.276066300000025 , -81.48156960000009","26.087723800000084 , -81.76546990000058",urban-urban,3613
"30.93996999999998 , -86.4601349999992","30.42169059999968 , -86.65226559999964",urban-urban,4080
"30.670723100000004 , -86.38883779999993","30.3984532999998 , -86.88940239999988",urban-urban,3831
"27.712928999999967 , -81.52684400000008","27.59155199999998 , -81.1764479999998",urban-urban,3077
"30.391173000000023 , -87.08121999999986","30.55315549999999 , -86.50211149999993",urban-urban,3606
"27.715233000000026 , -81.53850300000043","27.644047999999994 , -81.19550399999964",urban-urban,3359
"30.396914400000142 , -86.61492269999994","30.913194999999984 , -86.50503099999999",urban-urban,3982
"30.409340000000135 , -86.67083279999962","30.899101999999978 , -86.48788700000009",urban-urban,3834
"30.567489499999983 , -86.52768409999999","30.3785120000001 , -87.05790400000015",urban-urban,3687
"30.932377000000056 , -86.50908999999898","30.445480200000123 , -86.60572939999966",urban-urban,3695
"30.377731000000114 , -86.88042499999987","30.670440100000015 , -86.37008460000013",urban-urban,4037
"27.576911999999908 , -81.18059199999958","27.751141600000036 , -81.52292930000006",urban-urban,3467
"30.520213700000035 , -86.51105030000011","30.36728300000006 , -87.17860299999981",urban-urban,4099
"30.634168900000066 , -86.40856980000004","30.39547180000007 , -86.9555351999999",urban-urban,3993
"27.773525000000124 , -81.52250299999984","27.55391999999996 , -81.2305120000001",urban-urban,3868
"30.557260799999828 , -86.51610699999979","30.398443100000154 , -87.08621239999997",urban-urban,3705
"30.558902799999984 , -86.52328340000007","30.388094000000088 , -87.10083600000002",urban-urban,3852
"30.937771000000005 , -86.52474100000018","30.437802000000012 , -86.6698302999998",urban-urban,4046
"30.38377800000005 , -87.11831429999995","30.546846300000038 , -86.47005309999965",urban-urban,4128
"26.189612100000254 , -81.8067343999996","26.2310407 , -81.48055739999977",urban-urban,3089
"30.40038219999993 , -87.02372830000002","30.611461 , -86.42698300000012",urban-urban,4049
"30.53425950000012 , -86.5435312999997","30.3631693000001 , -87.18812559999996",urban-urban,3962
"26.318286000000057 , -81.51392599999967","26.076085799999973 , -81.74345479999994",urban-urban,3512
"30.73997200000002 , -86.5252059999998","30.377716000000078 , -86.88780899999982",urban-urban,3901
"26.34164870000002 , -81.54777090000026","26.05919029999999 , -81.6744617999999",urban-urban,3227
"26.321897200000038 , -81.52090169999987","26.06132939999998 , -81.67374260000004",urban-urban,3424
"30.783989699999964 , -86.58000139999973","30.378388900000104 , -86.87700650000005",urban-urban,4044
"30.535928900000037 , -86.43312229999964","30.383557399999887 , -87.04847430000007",urban-urban,4058
"26.313596800000003 , -81.5140943","26.068863899999972 , -81.67509650000001",urban-urban,3276
"26.251218400000027 , -81.4789314000001","26.147794499999907 , -81.7828767999999",urban-urban,3065
"30.919604999999986 , -86.51969299999998","30.433609999999913 , -86.64771300000012",urban-urban,3861
"26.244412000000043 , -81.47980900000012","26.164493000000007 , -81.80772699999962",urban-urban,3081
"30.566458399999796 , -86.42528949999996","30.395609000000054 , -86.99661800000025",urban-urban,3772
"30.372902999999948 , -87.11343700000049","30.511616000000018 , -86.51784849999926",urban-urban,3631
"26.226950800000047 , -81.44804830000027","26.13137100000001 , -81.78273500000014",urban-urban,3382
"30.47442200000001 , -86.40346800000013","30.910881999999866 , -86.74437099999989",urban-urban,3833
"30.403389000000153 , -87.0105020000001","30.535956900000038 , -86.42795109999963",urban-urban,3660
"27.733902300000025 , -81.52139440000012","27.58816000000003 , -81.1584319999998",urban-urban,3092
"30.389859100000056 , -86.98308359999976","30.527337099999993 , -86.41801250000023",urban-urban,3717
"30.387125999999938 , -87.11337100000073","30.525016000000054 , -86.49799270000007",urban-urban,4007
"30.387991999999983 , -87.05823900000011","30.489180699999974 , -86.46212540000015",urban-urban,3873
"27.709797500000136 , -81.53960000000026","27.653362000000023 , -81.17111600000055",urban-urban,3944
"30.5291014999999 , -86.49351890000011","30.39753200000007 , -87.09031599999983",urban-urban,3898
"26.086700100000037 , -81.67245650000001","26.38764220000012 , -81.5230547000003",urban-urban,3506
"30.93166900000005 , -86.45598199999996","30.42166129999969 , -86.6616434999995",urban-urban,4095
"26.14374380000001 , -81.79079270000022","26.25657790000003 , -81.48010080000009",urban-urban,3343
"30.40594699999998 , -87.00758250000023","30.520570000000028 , -86.44151999999919",urban-urban,3748
"30.533281399999986 , -86.49309109999994","30.377540400000097 , -87.0724686",urban-urban,3801
"27.733853000000135 , -81.458528","27.585003899999908 , -81.15920829999958",urban-urban,3174
"26.276066300000025 , -81.48156960000009","26.105953999999972 , -81.72999630000005",urban-urban,3175
"27.636094999999997 , -81.19164299999966","27.737653000000027 , -81.52416799999999",urban-urban,3432
"30.512492000000005 , -86.18086799999998","30.832779999999914 , -86.69665600000009",urban-urban,4116
"27.602144300000095 , -81.55327369999983","27.68283700000002 , -81.20164499999991",urban-urban,3332
"30.380022000000015 , -87.05218900000004","30.591191500000082 , -86.53259460000004",urban-urban,3656
"26.299747999999564 , -81.55047599999939","26.09484610000008 , -81.76237930000059",urban-urban,3068
"30.463302200000008 , -86.376842","30.974652000000038 , -86.52751600000023",urban-urban,4122
"30.487888000000012 , -86.25362000000003","30.828128000000042 , -86.7314990000004",urban-urban,3721
"30.417835699999774 , -86.64323829999945","30.89429899999997 , -86.48833600000007",urban-urban,3736
"27.742725999999983 , -81.53582900000013","27.57977599999996 , -81.20368000000009",urban-urban,3387
"30.40948599999995 , -86.65281600000002","30.89254900000003 , -86.51234500000008",urban-urban,3599
"26.10605950000031 , -81.75744140000057","26.39577260000003 , -81.51450240000013",urban-urban,3689
"30.92930600000003 , -86.41867699999973","30.445600000000017 , -86.62407500000045",urban-urban,4092
"26.381228899999876 , -81.533355","26.15421059999998 , -81.7499755999996",urban-urban,3132
"27.65695400000002 , -81.20369200000053","27.7264060000001 , -81.54113699999978",urban-urban,3277
"30.53300900000001 , -86.44298799999966","30.386581899999992 , -87.00678440000002",urban-urban,3619
"30.89032599999994 , -86.70929499999983","30.457977000000056 , -86.4053689999999",urban-urban,3667
"26.22070730000008 , -81.44124010000013","26.106229199999888 , -81.76193560000033",urban-urban,3662
"30.474560100000026 , -86.33567309999991","30.894964999999946 , -86.7063519999998",urban-urban,3644
"30.460904299999825 , -86.54493279999984","30.974652000000038 , -86.52751600000023",urban-urban,3858
"30.584443 , -86.30805100000028","30.410836000000074 , -86.89932899999972",urban-urban,4138
"30.516961000000133 , -86.47439129999962","30.391414000000076 , -87.0388639999997",urban-urban,3577
"26.13041579999994 , -81.75580069999981","26.238316000000047 , -81.46772730000026",urban-urban,3142
"30.967505000000042 , -86.53413700000027","30.464016999999956 , -86.394241",urban-urban,4001
"26.251218400000027 , -81.4789314000001","26.12310769999994 , -81.78799169999996",urban-urban,3391
"30.836991999999984 , -86.70998300000004","30.487767999999928 , -86.25320200000014",urban-urban,3829
"27.714151000000015 , -81.54695400000023","27.56076799999996 , -81.21944000000012",urban-urban,3640
"30.471753 , -86.63820299999928","30.9267900000001 , -86.42833600000029",urban-urban,4079
"30.502054000000058 , -86.20864499999993","30.81240899999991 , -86.67188300000025",urban-urban,3841
"27.65030500000002 , -81.17223700000052","27.635273500000093 , -81.52360199999997",urban-urban,3399
"26.38764220000012 , -81.5230547000003","26.119533900000082 , -81.69851989999994",urban-urban,3110
"30.942094999999984 , -86.45732299999918","30.429401199999823 , -86.62934040000019",urban-urban,3993
"30.543328900000056 , -86.45990259999964","30.37498820000012 , -87.08591109999993",urban-urban,3951
"30.89857699999987 , -86.73666299999987","30.400135999999943 , -86.63855599999971",urban-urban,4075
"26.338251600000017 , -81.52597210000013","26.09630569999997 , -81.69030709999953",urban-urban,3194
"30.387941399999967 , -87.0621815","30.49340729999991 , -86.47068369999981",urban-urban,3784
"26.356442299999895 , -81.52118110000018","26.096029599999977 , -81.65343329999989",urban-urban,3474
"26.27729740000002 , -81.51560280000004","26.081403900000062 , -81.74911469999977",urban-urban,3115
"27.576351999999908 , -81.17275199999956","27.70439200000005 , -81.50643599999975",urban-urban,3180
"26.118001900000117 , -81.70336449999994","26.345143599999957 , -81.51640409999979",urban-urban,3174
"30.383859300000015 , -87.1279287000003","30.51069429999996 , -86.55245495",urban-urban,3652
"30.392104000000053 , -87.09939799999977","30.49689670000018 , -86.50279060000014",urban-urban,3648
"30.40086499999994 , -86.40822999999979","30.38363800000009 , -87.03369599999995",urban-urban,3420
"30.416851999999977 , -86.61926999999997","30.926817000000007 , -86.69472800000072",urban-urban,3954
"30.57610239999992 , -86.43992360000018","30.387631000000084 , -87.0403739999998",urban-urban,4015
"27.731958000000034 , -81.49973700000005","27.566415999999958 , -81.20910400000011",urban-urban,3266
"30.40450200000008 , -86.83328099999987","30.692293000000078 , -86.3392639999999",urban-urban,3878
"30.504992000000023 , -86.47929499999982","30.38004700000001 , -87.10873899999982",urban-urban,3974
"30.878262500000073 , -86.53830529999988","30.409333999999987 , -86.78200700000014",urban-urban,4131
"30.534357000000057 , -86.45607000000017","30.383427099999814 , -87.02291349999987",urban-urban,3643
"26.35601500000006 , -81.56261799999984","26.084921499999837 , -81.7317901999998",urban-urban,3376
"30.89843199999997 , -86.69067399999958","30.45448500000001 , -86.39447399999985",urban-urban,3580
"30.388621000000043 , -87.015372","30.512643000000008 , -86.44188500000004",urban-urban,3787
"30.513714599999894 , -86.55224169999988","30.383002899999894 , -87.13007540000005",urban-urban,3594
"30.413762999999832 , -86.63344200000033","30.910103999999887 , -86.50761700000005",urban-urban,3738
"30.92233600000004 , -86.45634899999983","30.40836299999998 , -86.59224800000014",urban-urban,3955
"26.229113999999974 , -81.8095679999999","26.142326999999973 , -81.49252599999994",urban-urban,3103
"30.53181020000012 , -86.5449013999997","30.368259500000818 , -87.11498260000015",urban-urban,3562
"30.899008000000062 , -86.50489399999988","30.41704100000002 , -86.62490899999992",urban-urban,3432
"29.92103240000003 , -81.7697592000003","29.938055800000193 , -82.21754460000032",urban-rural,3408
"26.421406500000042 , -80.0759352999998","26.74770380000001 , -80.32919960000001",rural-urban,3680
"29.803002499999987 , -82.17309950000019","29.599295750000017 , -82.76920945000009",rural-urban,4001
"29.260498599999845 , -81.07479170000039","28.78945649999997 , -81.0098317000001",rural-urban,3860
"26.290745000000012 , -81.7346930000001","26.29826479999998 , -81.20309620000018",urban-rural,3616
"26.269044799999996 , -81.20589810000008","26.29754300000003 , -81.73472299999995",rural-urban,3918
"30.964512000000013 , -87.27425700000022","30.420880100000048 , -87.35037389999972",urban-rural,3986
"26.273665999999984 , -81.72692799999989","26.29850570000004 , -81.19300410000007",urban-rural,3632
"30.977166000000025 , -87.44750899999997","30.761518200000125 , -86.85198870000005",urban-rural,3879
"30.95100199999992 , -87.45725800000025","30.85025400000003 , -86.77453999999987",urban-rural,3599
"30.405820900000062 , -86.80263610000043","30.299044199999884 , -86.02703329999962",urban-rural,3935
"30.311152000000238 , -85.08486200000034","30.928604299999915 , -85.01549940000018",rural-urban,4115
"30.705934699999982 , -86.97510710000006","30.28818330000002 , -87.48170239999956",rural-urban,4127
"25.747712000000167 , -80.94620410000009","25.975807100000186 , -81.5093278999999",rural-urban,3534
"30.89959099999999 , -86.83424899999999","30.98582299999986 , -87.49165699999966",urban-rural,3957
"30.369228699999994 , -86.23903779999995","30.39075439999997 , -86.98202699999973",urban-rural,4039
"26.66228159999999 , -81.79707649999992","26.176081000000014 , -81.53897009999986",rural-urban,3471
"30.850132999999943 , -86.72350199999985","30.961365999999945 , -87.39437599999948",urban-rural,4013
"30.397450999999858 , -86.22505400000047","30.361052200000312 , -86.98660450000044",urban-rural,4140
"30.859810100000118 , -85.61118130000034","30.688134700000003 , -86.3804015",rural-urban,4130
"26.59638040000001 , -81.84963739999998","26.11965720000003 , -81.57036990000023",rural-urban,4135
"30.966246999999957 , -87.45292799999997","30.85061000000004 , -86.79178499999952",urban-rural,3490
"26.32854159999993 , -81.02817340000028","26.259382000000013 , -81.57900300000014",rural-urban,4085
"30.865091199999974 , -86.78211020000036","30.91551200000008 , -87.4482570000003",rural-urban,3807
"26.281753699999747 , -81.53803759999981","25.842006999999995 , -81.38450999999966",urban-rural,3822
"30.827524000000032 , -86.81004199999998","30.95828709999985 , -87.48630380000007",urban-rural,3794
"30.734205999999972 , -85.2221610000002","30.072003399999996 , -85.19386139999962",urban-rural,4127
"26.506620600000026 , -81.81318950000008","26.087318999999912 , -81.54252000000038",urban-rural,3491
"30.932639999999985 , -87.37187499999992","30.37263550000005 , -87.17731719999966",urban-rural,4122
"26.600581800000082 , -81.36524370000002","26.228112900000074 , -81.67910739999999",rural-urban,4088
"27.610666300000034 , -81.19802899999979","27.64616010000005 , -81.77699270000008",urban-rural,3931
"30.97271700000009 , -87.04657999999968","30.559760599999827 , -86.5244313999998",rural-urban,3979
"29.099616699999977 , -82.44619829999974","28.490049700000252 , -82.52255549999997",urban-rural,4095
"30.956485200000827 , -87.33007580000016","30.73080259999996 , -86.69670669999981",urban-rural,3963
"28.151409899999695 , -80.5955082000003","28.592880500000135 , -80.58207130000005",urban-rural,3936
"30.905058500000063 , -85.3155715000004","30.979692000000146 , -86.02885799999993",urban-rural,4125
"25.87205915000006 , -81.18276762499977","26.138597400000037 , -81.57054710000016",rural-urban,3623
"27.62151459999994 , -81.21600679999959","27.575578100000044 , -81.80467899999994",urban-rural,4129
"26.419590999999887 , -80.12543599999984","26.776330099999743 , -80.3300865999995",urban-rural,3562
"26.326858000000012 , -81.5623630000001","26.329292700000053 , -81.01596679999986",urban-rural,4062
"29.804905400000244 , -81.59510360000075","30.281099200000025 , -81.69863250000014",rural-urban,3539
"26.352499000000048 , -81.55304800000012","25.92098040000006 , -81.40654309999975",urban-rural,3908
"30.40300450000005 , -86.85744030000008","30.357053599999983 , -86.1307076999999",urban-rural,3638
"26.73390200000002 , -80.36123500000006","26.261847599999967 , -80.18505289999958",urban-rural,3829
"26.120888000000043 , -81.54301800000012","26.524284000000076 , -81.85731200000033",rural-urban,4046
"30.701013400000047 , -85.23231699999997","30.019698799999944 , -85.16280459999972",urban-rural,4096
"26.640475099999907 , -81.7324764999996","26.178517299999953 , -81.56905479999962",rural-urban,4028
"26.74730300000003 , -80.31700700000006","26.352347599999987 , -80.20971089999999",urban-rural,3437
"30.903172000000023 , -87.01385800000001","30.44112999999995 , -86.56492899999996",rural-urban,4119
"30.368352000000083 , -87.14082000000023","30.923916000000116 , -87.06811100000013",urban-rural,4056
"26.22520249999983 , -81.62967589999977","25.811228599999858 , -81.35771739999957",urban-rural,4125
"30.284417000000044 , -87.50042199999999","30.40323060000009 , -86.86642210000005",rural-urban,4088
"30.780080300000066 , -86.5275143999999","30.96877799999995 , -87.15817700000055",rural-urban,4052
"30.54916409999994 , -85.06448930000037","30.96318800000002 , -85.65134399999991",rural-urban,4110
"30.480223000000056 , -86.61583199999993","30.67401199999999 , -85.9330010000004",urban-rural,4057
"30.765354999999992 , -85.95887799999947","30.433959500000025 , -86.58702449999991",rural-urban,4012
"30.38414990000003 , -87.10442819999956","30.91291600000001 , -87.31157900000007",rural-urban,3992
"26.253359099999933 , -81.81241029999995","26.370948600000133 , -81.26552049999984",rural-urban,4032
"26.615127300000264 , -81.81228300000063","26.154348099999993 , -81.52395029999985",rural-urban,3554
"27.590688000000032 , -81.1561759999998","27.551461600000042 , -81.71520740000014",urban-rural,3814
"30.772016999999977 , -86.551009","30.889570600000106 , -87.2169547",urban-rural,4128
"30.921279400000053 , -87.38110430000005","30.820151000000074 , -86.70698399999955",urban-rural,3837
"30.94442600000005 , -86.99307199999981","30.412760899999974 , -87.25793860000032",rural-urban,4127
"30.780910999999982 , -86.70125100000014","30.976391300000024 , -87.39923790000026",urban-rural,4111
"26.251225399999832 , -81.77275039999988","26.311255800000005 , -81.23384720000038",urban-rural,3574
"30.440459399999945 , -87.19719990000031","30.984479000000043 , -87.01171600000028",urban-rural,4059
"30.51379699999995 , -86.3433760000003","30.601292699999952 , -87.06993249999996",urban-rural,4062
"30.808817800000043 , -86.61444569999985","30.96351899999998 , -87.26076600000022",rural-urban,3975
"30.360233000000083 , -87.20125400000006","30.88933199999988 , -87.48032500000004",urban-rural,4066
"30.4610699000002 , -87.27094930000023","30.95999100000003 , -87.01746699999987",rural-urban,3977
"30.318939800000003 , -85.45821250000004","30.858101799999886 , -85.09550460000035",rural-urban,3918
"29.9817130999999 , -82.88599440000006","29.42221650000001 , -83.03042050000013",rural-urban,3827
"26.584181999999764 , -80.64034499999975","26.765793500000058 , -80.21082979999949",urban-rural,3629
"30.29773234999991 , -85.10114810000013","30.913485700000056 , -85.1608049999999",rural-urban,3913
"30.532504900000024 , -86.50368190000046","30.815201999999935 , -85.81953499999987",urban-rural,4058
"30.957748700000476 , -87.44085329999987","30.820327000000077 , -86.69292699999956",urban-rural,4027
"30.819212399999984 , -85.35435790000031","30.21461200000004 , -85.48416900000004",urban-rural,4099
"30.017019000000168 , -85.14665799999942","30.65170580000001 , -85.15559660000007",urban-rural,4116
"30.93707299999999 , -87.31893300000017","30.7220729999999 , -86.69121200000032",urban-rural,4099
"26.751753000000043 , -80.31289700000008","26.293455799999887 , -80.1649107000002",urban-rural,3672
"26.29180049999996 , -81.4936292999998","26.26788770000004 , -80.95965189999961",rural-urban,3998
"30.75225799999995 , -86.69907500000042","30.946776000000003 , -87.36709399999992",rural-urban,3975
"30.900598999999996 , -87.37766399999994","30.376105999999993 , -87.10868300000013",rural-urban,4116
"26.73624570000017 , -80.34335030000061","26.28616259999998 , -80.17889299999997",rural-urban,3566
"30.593731600000027 , -86.532962","30.663066700000236 , -87.20800189999974",urban-rural,3835
"30.940221000000033 , -87.45402000000017","30.8489122000001 , -86.78345770000003",rural-urban,3642
"26.77208699999982 , -80.32743299999981","26.354927000000146 , -80.13401709999962",urban-rural,3608
"30.955660400000202 , -87.46941459999994","30.820479200000076 , -86.71916469999957",urban-rural,3942
"30.37492569999991 , -86.89942600000022","30.353974099999995 , -86.09045480000002",urban-rural,4136
"30.76249399999998 , -86.66653300000002","30.98924719999991 , -87.35971539999959",urban-rural,4045
"30.946782000000002 , -86.83687699999986","30.963279000000043 , -87.47548199999993",urban-rural,3998
"30.36611139999999 , -86.18186120000001","30.43121199999989 , -86.9110629999998",rural-urban,3954
"24.81005709999995 , -80.83093530000055","24.706318100000246 , -81.43122590000041",rural-urban,3113
"27.4948572000001 , -81.78640129999934","27.625977299999967 , -81.20833750000014",rural-urban,4128
"30.3430302 , -85.44102190000004","30.862347000000156 , -85.06032800000014",rural-urban,4081
"25.901167800000138 , -81.3250771999993","26.3032948 , -81.55881900000004",rural-urban,3813
"30.96603400000001 , -86.70853199999988","30.3991909 , -86.4245537",urban-rural,4127
"30.934292000000042 , -87.28444100000002","30.856225999999914 , -86.62931500000006",rural-urban,4018
"30.02464890000008 , -85.18466490000009","30.67747030000006 , -85.1650931999997",urban-rural,4026
"30.217768499999377 , -81.67221250000115","29.78844839999975 , -81.97168860000006",urban-rural,3962
"30.936904199999947 , -87.50735090000022","30.996304999999975 , -86.88591900000006",rural-urban,3907
"26.63248849999992 , -81.8254286999996","26.175904999999943 , -81.55494499999993",rural-urban,3639
"30.016093300000644 , -85.18786809999985","30.66773509999984 , -85.1650035000006",urban-rural,4054
"30.424537000000008 , -87.23878400000024","30.987212000000106 , -87.39484849999955",urban-rural,4096
"26.489529800000014 , -81.79156599999973","26.076419000000048 , -81.54235500000014",urban-rural,3543
"30.473246400000054 , -87.2481352999999","30.97593689999992 , -86.9993809999997",urban-rural,3959
"30.798716199999824 , -86.70763060000009","30.96835149999999 , -87.43639129999998",rural-urban,3991
"30.497668999999963 , -87.16354100000005","30.492055000000082 , -86.42814299999962",urban-rural,3867
"26.298710799999895 , -81.06556869999984","26.329507100000068 , -81.57978620000007",urban-rural,4028
"30.34927100000002 , -87.04664699999995","30.500116499999958 , -86.37192459999984",rural-urban,3833
"27.620749200000226 , -81.214464","27.492908999999965 , -81.78015560000011",urban-rural,3943
"30.734762999999862 , -86.03585300000003","30.64623099999999 , -86.75733600000011",rural-urban,4010
"26.555599999999718 , -81.84229769999956","26.161748300000045 , -81.52300560000016",rural-urban,3927
"30.747954000000078 , -86.42179299999962","30.98449250000013 , -87.04451269999974",rural-urban,3958
"30.86210699999984 , -86.90108099999973","30.90884199999998 , -87.58632699999988",rural-urban,4136
"26.423689700000185 , -80.13015820000001","26.85619199999982 , -80.29296799999968",urban-rural,3932
"30.420950999999988 , -86.596706","30.694620999999852 , -85.93923699999928",urban-rural,4055
"29.259193300000057 , -81.04202650000025","28.791106999999986 , -81.02418499999983",rural-urban,4072
"26.61357999999989 , -81.86190399999977","26.188611100000106 , -81.51501570000003",rural-urban,3955
"30.00286140000002 , -83.55234230000009","30.586296900000082 , -83.6390489999994",urban-rural,3909
"30.642834999999994 , -86.76185600000059","30.75296400000003 , -86.02465900000007",urban-rural,4125
"29.519507600000033 , -82.0449505999997","30.042911199999942 , -81.89277909999997",urban-rural,3995
"26.788520100000014 , -80.32741120000016","26.379064900000067 , -80.24046059999974",urban-rural,4032
"30.373897 , -85.46403500000037","30.904023800000108 , -85.10806900000009",rural-urban,4066
"30.055967800000012 , -81.92400300000017","29.52866900000006 , -82.01364300000041",rural-urban,4134
"26.633255999999918 , -81.8608163999996","26.22594329999993 , -81.52733899999981",rural-urban,3802
"26.43856290000032 , -81.82990619999964","26.05487999999998 , -81.52040699999984",urban-rural,3982
"30.32057199999993 , -87.42937700000044","30.842492000000014 , -87.34106000000001",urban-rural,4026
"26.227052200000045 , -81.44826000000026","26.62205400000003 , -81.79343499999985",urban-rural,4002
"30.361239800000014 , -86.97989439999996","30.38147779999983 , -86.25417749999964",rural-urban,3889
"26.612390199999314 , -81.81850480000016","26.172765999999985 , -81.51202579999969",rural-urban,3754
"26.223452599999902 , -81.67954079999983","26.306544500000008 , -81.17105070000011",urban-rural,3621
"27.773378700000038 , -81.72386249999995","27.595109200000227 , -81.17053540000006",rural-urban,4067
"25.75914219999993 , -81.03565190000022","25.67017470000002 , -80.39592500000045",rural-urban,3994
"26.62313779999992 , -81.81641129999996","26.13475600000008 , -81.523373",rural-urban,3730
"29.819464899999964 , -83.5926387","30.405586000000035 , -83.64577839999944",urban-rural,3893
"30.827696499999984 , -85.35919689999986","30.212125000000025 , -85.4800940000002",rural-urban,3872
"30.667709099999954 , -86.56329020000004","30.934807999999997 , -87.16946899999995",urban-rural,3874
"30.28919500000019 , -85.24962829999994","30.92064839999995 , -85.1454320000001",rural-urban,4107
"26.580531300000146 , -81.72069259999992","26.105466000000042 , -81.54278700000013",urban-rural,4062
"30.39677099999996 , -87.31781900000037","30.89971600000008 , -87.03947599999972",urban-rural,3991
"30.414253299999963 , -87.19899630000022","30.959190000000156 , -87.37241200000007",urban-rural,3985
"30.930104000000007 , -86.84955099999986","30.933600000000013 , -87.48441699999998",urban-rural,4075
"30.930546000000025 , -86.6655550000003","30.946201600000112 , -87.32364820000001",rural-urban,4104
"30.934444000000042 , -85.30145410000027","30.943836600000008 , -86.05748720000022",rural-urban,4045
"30.950374 , -87.35607899999992","30.78909899999994 , -86.65349800000037",urban-rural,4049
"30.904697999999986 , -86.78401099999995","30.911600000000046 , -87.42928600000002",rural-urban,4052
"30.974793999999996 , -87.49404600000007","30.464802000000123 , -87.32673200000025",rural-urban,4010
"26.209171100000038 , -81.62527060000032","26.27002930000001 , -81.1315557",urban-rural,4105
"26.331210299999903 , -80.11887940000028","26.737854999999943 , -80.36121599999962",rural-urban,3711
"25.899112100000032 , -81.3358041000001","26.306927500000185 , -81.55860779999959",rural-urban,3755
"30.646739999999955 , -87.10494300000006","30.49073200000009 , -86.40013399999967",rural-urban,4130
"30.850823000000034 , -86.80219999999947","30.99330199999987 , -87.54196600000022",rural-urban,3992
"26.674241399999943 , -81.79186339999995","26.195055000000043 , -81.50750390000029",rural-urban,3720
"30.327920000000162 , -87.38321700000007","30.86052100000002 , -87.32345100000005",urban-rural,3919
"30.41906500000004 , -86.83903199999965","30.34590989999997 , -86.05950349999988",urban-rural,4075
"29.084739999999954 , -82.48058500000023","28.516299200000077 , -82.5394685000001",urban-rural,4074
"29.686681299999908 , -82.06847030000014","30.15775930000003 , -81.7689252000003",rural-urban,4135
"30.946344 , -87.07199999999995","30.573838699999932 , -86.53035409999978",rural-urban,3680
"30.472998400000048 , -87.1776492999994","30.51757499999999 , -86.45449500000008",rural-urban,4044
"26.66492159999993 , -81.84164920000012","26.205365200000053 , -81.51867970000005",rural-urban,3928
"26.62714309999982 , -81.77128989999986","26.157961099999902 , -81.53579139999944",rural-urban,3687
"25.830745999999866 , -81.36829999999982","26.239161000000195 , -81.57491119999999",rural-urban,3694
"26.329844800000004 , -81.01035080000023","26.289570500000245 , -81.54162390000023",rural-urban,3873
"26.42895840000006 , -81.12967520000028","26.18592389999996 , -81.6587377999998",rural-urban,4131
"30.868047399999853 , -87.02116159999943","30.39221999999997 , -87.34340999999989",urban-rural,4053
"26.765777000000533 , -80.2154104","26.58419499999973 , -80.6367659999997",urban-rural,3669
"30.4051952999999 , -86.63442449999941","30.57392960000004 , -87.32191599999999",urban-rural,4130
"30.09612070000007 , -81.90228209999977","29.622422800000162 , -82.13881310000032",urban-rural,4006
"30.394732700000034 , -81.68127349999956","30.813072399999793 , -81.91749369999981",urban-rural,3249
"29.802048399999997 , -82.16773040000001","29.59241000000002 , -82.7646552000002",rural-urban,3939
"25.88113320000006 , -81.24721719999978","26.27058560000001 , -81.55198219999983",rural-urban,3928
"26.63868500000004 , -81.72089299999973","26.180114999999944 , -81.50691200000041",rural-urban,4092
"30.94324389999996 , -87.31744440000098","30.74652510000014 , -86.68965740000034",rural-urban,3945
"26.30733930000006 , -81.07011064999924","26.273789999999988 , -81.64921200000013",rural-urban,4030
"26.201791799999988 , -81.65811629999996","26.42840199999999 , -81.18211130000006",urban-rural,3752
"30.781734000000064 , -86.72233999999995","30.959945299999898 , -87.3694555000003",rural-urban,3929
"26.26010080000004 , -81.5930704000001","25.810190699999904 , -81.35824979999998",urban-rural,4059
"30.986425000000068 , -86.97204500000021","30.836453999999957 , -87.56916400000033",rural-urban,4112
"30.374906500000172 , -86.19550250000012","30.45504380000007 , -86.90901339999968",urban-rural,3992
"30.348002599999916 , -86.07871780000016","30.419632000000114 , -86.84765199999988",rural-urban,3855
"26.28865840000002 , -81.72079260000014","26.28330940000008 , -81.18052650000045",urban-rural,3915
"30.94955300000002 , -86.62039799999927","30.601856000000026 , -87.14954320000008",urban-rural,3903
"26.765304000000036 , -80.308717","26.35718600000001 , -80.23240099999994",rural-urban,3778
"30.44902600000001 , -87.30826300000011","30.98640169999995 , -87.23230180000024",urban-rural,4028
"30.955215000000038 , -85.88893799999991","30.927866700000134 , -85.15987990000006",urban-rural,3805
"29.816248900000044 , -81.61947060000001","30.29292570000004 , -81.72832850000061",rural-urban,3463
"30.296845600000015 , -87.4303066999998","30.843479999999904 , -87.33098400000021",urban-rural,4047
"26.2758766999998 , -81.57427770000038","25.8523658000001 , -81.39027540000046",urban-rural,4045
"30.35055039999983 , -86.19728269999985","30.419700999999957 , -86.93537100000054",rural-urban,4058
"29.955466199999982 , -83.58114780000025","30.535697000000148 , -83.61292000000034",rural-urban,4031
"30.762421100000076 , -86.52374599999989","30.953174999999998 , -87.17134799999987",rural-urban,3753
"30.36306250000008 , -85.43827730000025","30.94980560000001 , -85.11822859999994",rural-urban,4022
"25.707853500000034 , -80.41622659999985","25.760425699999907 , -81.0021709000002",rural-urban,3214
"25.971752999999882 , -81.36806599999993","26.374268600000036 , -81.6054927000003",urban-rural,3797
"26.30383850000004 , -81.47621999999977","26.27309710000012 , -80.96276570000053",rural-urban,4086
"30.89182000000007 , -87.35953200000024","30.359200000000083 , -87.20028900000008",rural-urban,3953
"30.933399000000012 , -86.84854599999986","30.401750300000007 , -87.07963050000001",urban-rural,3999
"30.735647499999956 , -86.56528939999986","30.975864000000023 , -87.24571299999995",urban-rural,4031
"30.48046749999981 , -87.33999300000032","30.950241999999964 , -87.04064399999993",rural-urban,3857
"27.751917400000107 , -81.77983940000045","27.620766799999966 , -81.20868140000013",rural-urban,4064
"26.268276400000012 , -81.13592360000001","26.257668399999883 , -81.6373014000001",rural-urban,3744
"30.27446899999993 , -85.01887889999998","30.889116599999973 , -85.0870264",rural-urban,4101
"30.345092700002333 , -85.12934330000037","30.963977199999906 , -85.24001360000004",urban-rural,4075
"26.319636900000106 , -81.55822290000012","25.902041100000066 , -81.3107413000001",urban-rural,3928
"26.68331530000014 , -81.79977159999993","26.222134799999967 , -81.45813700000002",rural-urban,4037
"30.359655100000083 , -87.16897629999966","30.908001 , -87.2251350000001",rural-urban,3877
"30.274810599999928 , -85.25121980000007","30.889391599999968 , -85.12865159999994",rural-urban,4128
"30.333723400000082 , -87.12941319999955","30.40804299999997 , -86.42390199999993",urban-rural,3837
"30.580288900000006 , -87.02788180000015","30.37561069999997 , -86.36815309999977",urban-rural,4073
"30.845152700000085 , -86.89792360000015","30.973564999999994 , -87.51988899999996",urban-rural,3717
"30.988675 , -87.04536099999996","30.418883750000006 , -87.08941195000003",urban-rural,3784
"26.649996299999998 , -81.76291279999975","26.190421000000015 , -81.55490199999964",rural-urban,3914
"26.28555130000032 , -81.52296050000002","26.310185700000012 , -80.9993465",urban-rural,4020
"26.63983229999995 , -81.82988819999925","26.204849599999946 , -81.52391370000015",rural-urban,3651
"30.949848300000014 , -85.05368470000042","30.77080700000001 , -85.74119499999998",urban-rural,3860
"30.34594949999996 , -85.44238880000015","30.971547000000008 , -85.56175999999999",rural-urban,3802
"26.702053400000036 , -81.76329819999978","26.141531400000076 , -81.56181850000004",rural-urban,4054
"30.68059490000008 , -86.55644059999989","30.925491400000034 , -87.18479579999979",urban-rural,4130
"30.69896990000018 , -82.00200249999956","30.455054200000014 , -81.53552769999999",rural-urban,3314
"26.26215780000009 , -81.53432480000029","25.89457800000006 , -81.2300201000002",urban-rural,4111
"26.35172340000012 , -81.56089579999988","25.909251000000122 , -81.36556900000052",urban-rural,3846
"30.955978000000087 , -87.30267700000034","30.726858000000014 , -86.66654399999983",urban-rural,3972
"26.774583800000006 , -80.31026079999988","26.34246450000019 , -80.18904250000001",urban-rural,3561
"28.290523700000048 , -80.67891079999988","28.71294169999991 , -81.12705390000004",rural-urban,4114
"26.576114700000062 , -81.84537699999986","26.16522940000001 , -81.53468059999999",rural-urban,3776
"26.322195800000067 , -81.71416290000029","26.29816160000004 , -81.20753330000007",urban-rural,3827
"30.516465000000192 , -87.36919620000036","30.408951499999954 , -86.71230910000024",rural-urban,4093
"30.88649300000008 , -85.83329199999946","30.969581500000015 , -85.10135750000016",urban-rural,4122
"30.928485000000027 , -87.4567880000002","30.829528799999974 , -86.80545330000015",urban-rural,3756
"30.389097999999912 , -87.36032399999976","30.937229999999868 , -87.29433399999998",urban-rural,4038
"29.082394600000033 , -82.46067349999979","28.49543930000014 , -82.54433129999994",urban-rural,4085
"29.78056979999996 , -82.18032420000019","29.59757360000001 , -82.7813418000001",urban-rural,3877
"30.37738760000014 , -86.28961179999979","30.339807700000073 , -87.0953576999996",rural-urban,4104
"26.330286499999985 , -81.54338020000002","25.901429499999985 , -81.3187892000002",urban-rural,3864
"30.433037999999975 , -87.20622399999958","30.985811999999928 , -87.44451100000025",urban-rural,4028
"30.391265400000016 , -87.18434810000005","30.89403400000017 , -87.47069200000007",rural-urban,3776
"30.957014850000043 , -85.14094840000031","30.951097000000015 , -85.92788999999999",urban-rural,4007
"26.127782699999866 , -81.52271879999995","26.531498699999997 , -81.806885",urban-rural,3744
"26.54605880000018 , -81.45031749999993","26.094282499999878 , -81.5669039999998",rural-urban,3865
"26.593959899999923 , -81.40002420000022","26.105186300000106 , -81.56704139999971",rural-urban,4099
"26.22797349999989 , -81.6030876000002","25.89128900000008 , -81.22694899999989",urban-rural,4133
"30.3145801 , -87.46852220000017","30.830531999999916 , -87.3316519999998",urban-rural,4094
"29.284165400000134 , -81.13781819999964","28.785619999999962 , -81.0090260000002",rural-urban,3865
"30.811734999999977 , -86.678426","30.953678000000007 , -87.3823609999999",rural-urban,3877
"30.970273800000008 , -85.10948150000003","30.919049200000373 , -85.85130130000016",urban-rural,4039
"30.708528199999783 , -86.60148449999973","30.955790000000093 , -87.28434600000034",urban-rural,4046
"30.735284299999808 , -86.46149119999988","30.9448390000001 , -87.1234059999998",urban-rural,4069
"26.58305200000001 , -81.710297","26.11275000000004 , -81.54290300000012",urban-rural,4085
"26.619360500000013 , -81.8075002","26.148808349999975 , -81.56178034999996",urban-rural,4121
